fid,API,API_County,API_Seq,API_Label,Operat_Num,Operator,Well_Num,Well_Name,Well_Title,Citing_Typ,Spud_Date,Ground_Ele,Max_MD,Max_TVD,Field_Code,Field_Name,Facil_Id,Facil_Type,Facil_Stat,Well_Class,Stat_Date,Loc_Qual,Loc_ID,Loc_Name,Dist_N_S,Dir_N_S,Dist_E_W,Dir_E_W,Qtr_Qtr,Section,Township,Range,Meridian,Latitude,Longitude,Utm_X,Utm_Y,production,near_pipeline
1,"04522262","045","22262","05-045-22262",96850,TEP ROCKY MOUNTAIN LLC,GM 423-13,C&C Energy,GM 423-13 C&C Energy,ACTUAL,2014/05/30,5141,6810,5912,31290,GRAND VALLEY,435447,WELL,PR,GW,2020/03/01,ACTUAL LatLong,334722,GM 24-12,277,S,1001,W,SWSW,"12",7S,96W,"6",39.445625,-108.064594,236280,4370713,500,ложь
3,"04512857","045","12857","05-045-12857",96850,TEP ROCKY MOUNTAIN LLC,RWF 333-9,FEDERAL,RWF 333-9 FEDERAL,ACTUAL,2008/02/21,5812,9222,8697,75400,RULISON,287111,WELL,PR,GW,2022/12/01,ACTUAL LatLong,311663,FEDERAL-66S94W 9SWSW,605,S,1213,W,SWSW,"9",6S,94W,"6",39.534182,-107.898688,250875,4380071,500,ложь
4,"04517228","045","17228","05-045-17228",16700,CHEVRON USA INC,698-04-AV-11,SKR,698-04-AV-11 SKR,ACTUAL,2008/12/31,5959,6990,6576,77548,SKINNER RIDGE,298475,WELL,SI,GW,2024/07/01,ACTUAL LatLong,336049,SKR-66S98W 4NESW,1640,S,1842,W,NESW,"4",6S,98W,"6",39.559228,-108.338416,213179,4384163,500,ложь
7,"04515728","045","15728","05-045-15728",96850,TEP ROCKY MOUNTAIN LLC,31-03D,LEVERICH FEDERAL,31-03D LEVERICH FEDERAL,ACTUAL,2008/06/30,6664,9390,9235,75400,RULISON,295310,WELL,PR,GW,2024/04/01,ACTUAL LatLong,334714,Leverich 31-06 Pad,2428,N,1578,W,SENW,"31",6S,93W,"6",39.48297,-107.82116,257361,4374175,500,ложь
9,"04520648","045","20648","05-045-20648",10844,QB ENERGY OPERATING LLC,8506D-22 N22496,SG,8506D-22 N22496 SG,ACTUAL,2011/11/06,7585,11375,11145,31290,GRAND VALLEY,423062,WELL,SI,GW,2025/08/01,ACTUAL LatLong,423064,SG N22 496,1279,S,1992,W,SESW,"22",4S,96W,"6",39.684065,-108.157066,229250,4397458,500,ложь
10,"04514788","045","14788","05-045-14788",10844,QB ENERGY OPERATING LLC,5-24D,SAVAGE,5-24D SAVAGE,ACTUAL,2008/04/28,6431,9790,9519,75400,RULISON,292837,WELL,PR,GW,2023/05/01,ACTUAL LatLong,335007,SAVAGE-67S94W 5NWSW,1814,S,1234,W,NESW,"5",7S,94W,"6",39.464841,-107.915094,249216,4372419,500,ложь
11,"04523438","045","23438","05-045-23438",96850,TEP ROCKY MOUNTAIN LLC,SR 34-12,WARE,SR 34-12 WARE,ACTUAL,2017/12/12,7479,9607,9479,75400,RULISON,449390,WELL,PR,GW,2018/02/16,ACTUAL LatLong,449385,WARE SR 23-12,1787,S,2308,W,NESW,"12",7S,94W,"6",39.451112,-107.836635,255919,4370680,500,ложь
12,"04514067","045","14067","05-045-14067",10844,QB ENERGY OPERATING LLC,2-34B (2O),HYRUP,2-34B (2O) HYRUP,ACTUAL,2010/10/29,5748,5650,5596,31290,GRAND VALLEY,290246,WELL,SI,GW,2025/05/01,ACTUAL LatLong,334103,HYRUP 2-34B,349,S,1685,E,SWSE,"2",8S,96W,"6",39.372928,-108.073077,235274,4362668,500,ложь
17,"04515462","045","15462","05-045-15462",10844,QB ENERGY OPERATING LLC,MF01D C28 696,N. PARACHUTE,MF01D C28 696 N. PARACHUTE,ACTUAL,2008/09/02,5676,8135,7076,31290,GRAND VALLEY,254,WELL,SI,GW,2022/11/01,ACTUAL LatLong,335200,N. PARACHUTE-66S96W 28NENW,521,N,1590,W,NENW,"28",6S,96W,"6",39.501042,-108.117572,231933,4377022,500,ложь
18,"04508063","045","08063","05-045-08063",10844,QB ENERGY OPERATING LLC,32-1C3 (G32NED),SHIDELER,32-1C3 (G32NED) SHIDELER,ACTUAL,2002/12/26,5048,6991,6840,52500,MAMM CREEK,262865,WELL,PR,GW,2025/02/01,ACTUAL LatLong,334892,SHIDELER-66S92W 32SWNE,1889,N,2505,E,SWNE,"32",6S,92W,"6",39.48593,-107.68928,268715,4374156,500,ложь
19,"04513526","045","13526","05-045-13526",10844,QB ENERGY OPERATING LLC,6-8D (M32),GRAHAM,6-8D (M32) GRAHAM,ACTUAL,2005/10/29,5914,7115,7007,52500,MAMM CREEK,275355,WELL,PR,GW,2024/07/01,ACTUAL LatLong,334885,GRAHAM-66S92W 32SWSW,711,S,277,W,SWSW,"32",6S,92W,"6",39.477972,-107.698528,267893,4373296,500,ложь
35,"04523503","045","23503","05-045-23503",96850,TEP ROCKY MOUNTAIN LLC,413-4,GM,413-4 GM,ACTUAL,2017/09/26,5977,7167,6695,31290,GRAND VALLEY,450235,WELL,PR,GW,2017/12/13,ACTUAL LatLong,334816,MV 34-5,709,S,920,E,LOT 7,"5",7S,96W,"6",39.460975,-108.125603,231088,4372598,500,ложь
36,"04510765","045","10765","05-045-10765",10844,QB ENERGY OPERATING LLC,WF08D I25 596,N. PARACHUTE,WF08D I25 596 N. PARACHUTE,ACTUAL,2006/01/07,5727,8750,8637,31290,GRAND VALLEY,277757,WELL,PR,GW,2018/12/01,ACTUAL LatLong,335590,N. Parachute WF I25 596,2103,S,309,E,NESE,"25",5S,96W,"6",39.584672,-108.1097,232931,4386282,500,ложь
38,"04513542","045","13542","05-045-13542",10844,QB ENERGY OPERATING LLC,10-2 (C10OU),SATTERFIELD,10-2 (C10OU) SATTERFIELD,ACTUAL,2005/01/21,5571,6409,5913,31290,GRAND VALLEY,275436,WELL,SI,GW,2025/04/01,ACTUAL LatLong,334093,Keinath Federal 9-12H2 (C10OU),1042,N,1681,W,NENW,"10",8S,96W,"6",39.36864,-108.09876,233045,4362268,500,ложь
43,"04524453","045","24453","05-045-24453",10844,QB ENERGY OPERATING LLC,23D-26-496,BJU B26 FED,23D-26-496 BJU B26 FED,ACTUAL,2022/11/08,8225,12348,11832,31290,GRAND VALLEY,479148,WELL,PR,OW,2023/06/30,ACTUAL LatLong,479149,BJU B26-496 Pad,1191,N,1973,W,NENW,"26",4S,96W,"6",39.677293,-108.138382,230827,4396650,500,ложь
44,"04520355","045","20355","05-045-20355",96850,TEP ROCKY MOUNTAIN LLC,TR 432-21-597,Chevron,TR 432-21-597 Chevron,ACTUAL,2017/03/12,8577,9032,9013,83825,TRAIL RIDGE,421317,WELL,PR,GW,2017/10/12,ACTUAL LatLong,335603,Chevron TR 32-21-597,1336,N,2398,E,SWNE,"21",5S,97W,"6",39.602704,-108.282253,218182,4388812,500,ложь
48,"04514763","045","14763","05-045-14763",10844,QB ENERGY OPERATING LLC,5-14B,SAVAGE,5-14B SAVAGE,ACTUAL,2008/05/04,6427,9630,9497,75400,RULISON,292740,WELL,PR,GW,2023/05/01,ACTUAL LatLong,335007,SAVAGE-67S94W 5NWSW,1838,S,1210,W,NWSW,"5",7S,94W,"6",39.464881,-107.91513,249213,4372424,500,ложь
51,"04523894","045","23894","05-045-23894",96850,TEP ROCKY MOUNTAIN LLC,PA 422-24,FEDERAL,PA 422-24 FEDERAL,ACTUAL,2019/09/20,5364,9139,8187,67350,PARACHUTE,454390,WELL,PR,GW,2019/11/21,ACTUAL LatLong,454383,FEDERAL PA 34-24,977,S,1655,E,SWSE,"24",6S,95W,"6",39.505837,-107.944101,246869,4377052,500,ложь
55,"04506040","045","06040","05-045-06040",51130,LOCIN OIL CORPORATION,1-20 (OWP),CARBONERA-FEDERAL,1-20 (OWP) CARBONERA-FEDERAL,ACTUAL,1973/08/02,7501,6043,6043,77750,SOUTH CANYON,210284,WELL,SI,GW,2025/01/01,ACTUAL LatLong,322330,CARBONERA-FEDERAL-66S104W 20NWSE (OWP),2045,S,2127,E,NWSE,"20",6S,104W,"6",39.52315,-109.00826,155434,4382511,500,ложь
56,"04512470","045","12470","05-045-12470",10844,QB ENERGY OPERATING LLC,7-21C,PB CREEK FEDERAL,7-21C PB CREEK FEDERAL,ACTUAL,2006/07/27,5968,6940,6819,67350,PARACHUTE,285433,WELL,PR,GW,2020/09/01,ACTUAL LatLong,334073,FEDERAL-68S95W 7NW4,1032,N,1264,W,NW4,"7",8S,95W,"6",39.382232,-108.044046,237811,4363616,500,ложь
58,"04519728","045","19728","05-045-19728",96850,TEP ROCKY MOUNTAIN LLC,A1,Fenno Ranch,A1 Fenno Ranch,ACTUAL,2010/08/18,5790,6768,6558,99999,WILDCAT,418545,WELL,PA,GW,2022/09/16,ACTUAL LatLong,418544,Fenno Ranch A Pad,2390,S,2336,W,NESW,"31",5S,91W,"6",39.570633,-107.64853,272497,4383454,500,ложь
63,"04523755","045","23755","05-045-23755",10844,QB ENERGY OPERATING LLC,14B-10-596,NPR,14B-10-596 NPR,ACTUAL,2018/02/08,6708,9485,9366,31290,GRAND VALLEY,452652,WELL,PR,GW,2024/07/01,ACTUAL LatLong,335676,NPR K10-596,1898,S,2474,W,NESW,"10",5S,96W,"6",39.62754,-108.156003,229121,4391180,500,ложь
67,"04513673","045","13673","05-045-13673",96850,TEP ROCKY MOUNTAIN LLC,31C-20-691,JOLLEY,31C-20-691 JOLLEY,ACTUAL,2007/02/19,6352,7530,7515,52500,MAMM CREEK,289131,WELL,PR,GW,2016/03/03,ACTUAL LatLong,335173,JOLLEY-66S91W 20NWNE,797,N,2052,E,NWNE,"20",6S,91W,"6",39.51835,-107.57612,278552,4377470,500,ложь
68,"04510392","045","10392","05-045-10392",96850,TEP ROCKY MOUNTAIN LLC,13A-25-692,NESBITT,13A-25-692 NESBITT,ACTUAL,2005/02/08,5983,7400,7334,52500,MAMM CREEK,275865,WELL,PR,GW,2022/03/01,ACTUAL LatLong,335387,NESBITT-66S92W 25NWSW,2058,S,805,W,NWSW,"25",6S,92W,"6",39.496725,-107.621784,274556,4375183,500,ложь
69,"04508101","045","08101","05-045-08101",96850,TEP ROCKY MOUNTAIN LLC,RWF 334-33,BERNKLAU,RWF 334-33 BERNKLAU,ACTUAL,2002/04/18,5573,7791,,75400,RULISON,263047,WELL,PR,GW,2024/09/01,ACTUAL LatLong,334874,BERNKLAU-66S94W 33SWSE,943,S,1909,E,SWSE,"33",6S,94W,"6",39.477054,-107.889982,251420,4373706,500,ложь
76,"04516090","045","16090","05-045-16090",96850,TEP ROCKY MOUNTAIN LLC,331-17-695,AP,331-17-695 AP,ACTUAL,2008/09/24,8630,11740,11656,67350,PARACHUTE,296658,WELL,PR,GW,2024/10/01,ACTUAL LatLong,335601,AP-66S95W 8SWSE,422,S,2443,E,SWSE,"8",6S,95W,"6",39.533285,-108.021729,240296,4380320,500,ложь
78,"04512806","045","12806","05-045-12806",96850,TEP ROCKY MOUNTAIN LLC,RWF 313-9,FEDERAL,RWF 313-9 FEDERAL,ACTUAL,2008/07/20,5940,8843,8734,75400,RULISON,286886,WELL,PR,GW,2022/08/01,ACTUAL LatLong,335743,DOE RM 2-8,1786,S,510,E,NESE,"8",6S,94W,"6",39.537372,-107.904522,250385,4380442,500,ложь
79,"04514806","045","14806","05-045-14806",96850,TEP ROCKY MOUNTAIN LLC,332-24-696,AP,332-24-696 AP,ACTUAL,2008/03/01,8441,10320,10109,31290,GRAND VALLEY,292904,WELL,PR,GW,2024/10/01,ACTUAL LatLong,335485,AP-66S96W 24SENW,1566,N,1695,W,SENW,"24",6S,96W,"6",39.511476,-108.061336,236809,4378014,500,ложь
82,"04523849","045","23849","05-045-23849",10844,QB ENERGY OPERATING LLC,12B-14 596,NPR H15,12B-14 596 NPR H15,ACTUAL,2018/12/06,6429,9690,9352,31290,GRAND VALLEY,454259,WELL,PR,GW,2024/07/01,ACTUAL LatLong,425805,NPR H15-596,2324,N,70,E,SENE,"15",5S,96W,"6",39.615955,-108.146325,229907,4389865,500,ложь
84,"04518591","045","18591","05-045-18591",10844,QB ENERGY OPERATING LLC,42C-24D,PUCKETT,42C-24D PUCKETT,ACTUAL,2011/03/08,8257,9396,9262,31290,GRAND VALLEY,412768,WELL,PR,GW,2024/10/01,ACTUAL LatLong,413481,P8-32-24,1515,N,1760,E,SWNE,"24",6S,97W,"6",39.51153,-108.16567,227837,4378330,500,ложь
85,"04514120","045","14120","05-045-14120",96850,TEP ROCKY MOUNTAIN LLC,TR 423-14-597,CHEVRON,TR 423-14-597 CHEVRON,ACTUAL,2009/02/05,8471,9690,9489,83825,TRAIL RIDGE,290464,WELL,SI,GW,2025/02/01,ACTUAL LatLong,335852,CHEVRON-65S97W 14SWSE,686,S,1983,E,SWSE,"14",5S,97W,"6",39.608268,-108.243389,221542,4389308,500,ложь
86,"04523303","045","23303","05-045-23303",96850,TEP ROCKY MOUNTAIN LLC,SR 31-12,YOUBERG,SR 31-12 YOUBERG,ACTUAL,2017/05/13,7254,9580,9296,75400,RULISON,447653,WELL,PR,GW,2017/07/24,ACTUAL LatLong,324061,YOUBERG RU 32-12,1873,N,2119,E,SWNE,"12",7S,94W,"6",39.455468,-107.833915,256168,4371156,500,ложь
89,"04524358","045","24358","05-045-24358",96850,TEP ROCKY MOUNTAIN LLC,GM 532-19,CHEVRON,GM 532-19 CHEVRON,ACTUAL,2020/12/12,5748,7745,6794,31290,GRAND VALLEY,476784,WELL,PR,GW,2021/05/13,ACTUAL LatLong,335426,CHEVRON GM 12-20,1922,N,659,W,SWNW,"20",6S,96W,"6",39.511781,-108.139531,230086,4378280,500,ложь
92,"04522709","045","22709","05-045-22709",96850,TEP ROCKY MOUNTAIN LLC,41A-13-07-96,B&V,41A-13-07-96 B&V,ACTUAL,2016/12/06,5083,6830,6082,31290,GRAND VALLEY,440637,WELL,PR,GW,2023/11/01,ACTUAL LatLong,440634,B & V Pad,1871,S,512,W,NWSW,"7",7S,95W,"6",39.450142,-108.047247,237790,4371164,500,ложь
93,"04514363","045","14363","05-045-14363",10844,QB ENERGY OPERATING LLC,21C2-25D,PUCKETT,21C2-25D PUCKETT,ACTUAL,2007/11/01,8332,9150,9134,31290,GRAND VALLEY,291409,WELL,PR,GW,2024/10/01,ACTUAL LatLong,335105,PUCKETT-66S97W 25NENW,836,N,1987,W,NENW,"25",6S,97W,"6",39.49894,-108.17114,227318,4376949,500,ложь
94,"04513200","045","13200","05-045-13200",10844,QB ENERGY OPERATING LLC,1-22A,M. DUTTON,1-22A M. DUTTON,ACTUAL,2007/12/10,5862,6496,6474,67350,PARACHUTE,288328,WELL,SI,GW,2025/05/01,ACTUAL LatLong,334367,M.DUTTON-68S96W 1SENW,1649,N,1649,W,SENW,"1",8S,96W,"6",39.38216,-108.061555,236302,4363659,500,ложь
95,"04518794","045","18794","05-045-18794",10844,QB ENERGY OPERATING LLC,13B-3-696,NPR O04,13B-3-696 NPR O04,ACTUAL,2020/11/14,6011,9780,8716,31290,GRAND VALLEY,414201,WELL,PR,GW,2021/03/20,ACTUAL LatLong,414231,NPR O04-696 Pad,1494,S,1576,E,Lot 9,"4",6S,96W,"6",39.550807,-108.107959,232950,4382518,500,ложь
96,"04512825","045","12825","05-045-12825",96850,TEP ROCKY MOUNTAIN LLC,RWF 322-9,FEDERAL,RWF 322-9 FEDERAL,ACTUAL,2007/12/02,5980,9445,8982,75400,RULISON,286861,WELL,PR,GW,2021/07/01,ACTUAL LatLong,335636,FEDERAL RWF 12-9,2451,S,347,E,NESE,"8",6S,94W,"6",39.5392,-107.903804,250454,4380643,500,ложь
103,"04516036","045","16036","05-045-16036",96850,TEP ROCKY MOUNTAIN LLC,B4,GYPSUM RANCH,B4 GYPSUM RANCH,ACTUAL,2008/07/01,5323,9237,8939,52500,MAMM CREEK,296454,WELL,PR,GW,2025/06/01,ACTUAL LatLong,336037,GYPSUM RANCH-66S93W 14NWNE,751,N,1886,E,NWNE,"14",6S,93W,"6",39.531516,-107.740485,264465,4379349,500,ложь
109,"04511741","045","11741","05-045-11741",10844,QB ENERGY OPERATING LLC,2A-4D,CHEVRON,2A-4D CHEVRON,ACTUAL,2006/04/26,5780,8889,8489,31290,GRAND VALLEY,282343,WELL,PR,GW,2024/02/01,ACTUAL LatLong,335577,CHEVRON-66S96W 4SWNW,2155,N,735,W,SWNW,"4",6S,96W,"6",39.55844,-108.11794,232122,4383395,500,ложь
113,"04518449","045","18449","05-045-18449",96850,TEP ROCKY MOUNTAIN LLC,36-21D,HILTON,36-21D HILTON,ACTUAL,2009/07/27,6700,9720,9273,47525,KOKOPELLI,412345,WELL,PA,GW,2024/01/25,ACTUAL LatLong,413865,HILTON 25-26D,1876,S,1287,W,NWSW,"25",6S,91W,"6",39.497618,-107.507552,284383,4375002,500,ложь
116,"04523204","045","23204","05-045-23204",10844,QB ENERGY OPERATING LLC,"33E-24",Puckett,33E-24 Puckett,ACTUAL,2017/10/04,8169,9144,9041,31290,GRAND VALLEY,445870,WELL,PR,GW,2018/08/07,ACTUAL LatLong,445862,Mesa P24-697,626,S,694,E,SESE,"24",6S,97W,"6",39.503032,-108.161942,228125,4377376,500,ложь
118,"04523984","045","23984","05-045-23984",10433,LARAMIE ENERGY LLC,"0697-04-03E",CC Federal,"0697-04-03E CC Federal",ACTUAL,2019/06/13,8611,9685,9552,31290,GRAND VALLEY,455742,WELL,PR,GW,2019/10/22,ACTUAL LatLong,335902,CC 604-41-32 Pad,1904,N,931,E,Lot 12,"4",6S,97W,"6",39.557596,-108.218783,223453,4383607,500,ложь
120,"04521006","045","21006","05-045-21006",10433,LARAMIE ENERGY LLC,"0697-04-02W",CC Federal,"0697-04-02W CC Federal",ACTUAL,2019/04/06,8543,10773,9933,31290,GRAND VALLEY,424998,WELL,PR,GW,2019/06/27,ACTUAL LatLong,424970,CC 604-12-13 Annex,3117,S,209,W,Lot 16,"4",6S,97W,"6",39.553257,-108.23342,222178,4383170,500,ложь
122,"04513990","045","13990","05-045-13990",10433,LARAMIE ENERGY LLC,697-16-15A,CASCADE CREEK,697-16-15A CASCADE CREEK,ACTUAL,2007/06/05,8272,8910,8833,31290,GRAND VALLEY,290131,WELL,PR,GW,2020/09/01,ACTUAL LatLong,335844,CC 0697-16-16 Pad,1118,N,380,E,NENE,"16",6S,97W,"6",39.527056,-108.216586,223520,4380209,500,ложь
123,"04514204","045","14204","05-045-14204",10844,QB ENERGY OPERATING LLC,1-21D,BERRY,1-21D BERRY,ACTUAL,2008/05/27,8320,9905,9900,31290,GRAND VALLEY,290824,WELL,SI,GW,2025/05/01,ACTUAL LatLong,335716,BERRY F01 697,2972,N,2022,W,LOT 10,"1",6S,97W,"6",39.556184,-108.170833,227568,4383303,500,ложь
126,"04520062","045","20062","05-045-20062",10433,LARAMIE ENERGY LLC,697-08-52B,Cascade Creek,697-08-52B Cascade Creek,ACTUAL,2011/09/09,8379,8854,8723,31290,GRAND VALLEY,419926,WELL,PR,GW,2023/04/01,ACTUAL LatLong,335815,Cascade Creek 697-08-53,1334,S,2172,E,NWSE,"8",6S,97W,"6",39.53385,-108.24185,221376,4381042,500,ложь
127,"04509151","045","09151","05-045-09151",10456,CAERUS PICEANCE LLC,13-12D (P14),ROE,13-12D (P14) ROE,ACTUAL,2003/03/11,6464,8443,8057,52500,MAMM CREEK,266559,WELL,PA,GW,2022/10/26,ACTUAL LatLong,334619,DUMAS-67S93W 14SESE,305,S,412,E,SESE,"14",7S,93W,"6",39.43926,-107.7342,264694,4369092,500,ложь
129,"04524473","045","24473","05-045-24473",96850,TEP ROCKY MOUNTAIN LLC,NR 431-3,FEDERAL,NR 431-3 FEDERAL,ACTUAL,2022/05/24,6730,10903,10024,75400,RULISON,479174,WELL,PR,OW,2022/09/07,ACTUAL LatLong,422211,Clough NR 23-3,2431,S,1264,W,NWSW,"3",6S,94W,"6",39.554204,-107.87906,252634,4382240,500,ложь
130,"04512935","045","12935","05-045-12935",10844,QB ENERGY OPERATING LLC,22A-24D,PUCKETT,22A-24D PUCKETT,ACTUAL,2008/02/24,8308,8982,8886,31290,GRAND VALLEY,287236,WELL,SI,GW,2025/06/01,ACTUAL LatLong,335455,PUCKETT-66S97W 24SWNW,2160,N,1226,W,SWNW,"24",6S,97W,"6",39.50978,-108.17372,227138,4378161,500,ложь
132,"04513725","045","13725","05-045-13725",96850,TEP ROCKY MOUNTAIN LLC,RWF 541-5,HARRIS,RWF 541-5 HARRIS,ACTUAL,2008/08/20,6297,8930,8529,75400,RULISON,289353,WELL,PR,GW,2018/08/01,ACTUAL LatLong,311677,HARRIS-67S94W 5SWNE,2163,N,2311,E,SWNE,"5",7S,94W,"6",39.468391,-107.910256,249645,4372800,500,ложь
133,"04522847","045","22847","05-045-22847",96850,TEP ROCKY MOUNTAIN LLC,33A-07-07-95,B&V,33A-07-07-95 B&V,ACTUAL,2017/01/04,5083,7120,6327,67350,PARACHUTE,441600,WELL,PR,GW,2017/07/01,ACTUAL LatLong,440634,B & V Pad,1975,S,643,W,NWSW,"7",7S,95W,"6",39.450425,-108.04679,237830,4371194,500,ложь
134,"04523273","045","23273","05-045-23273",96850,TEP ROCKY MOUNTAIN LLC,34D-07-07-95,BMC D,34D-07-07-95 BMC D,ACTUAL,2017/10/12,5268,6870,6415,99999,WILDCAT,446585,WELL,PR,GW,2018/04/30,ACTUAL LatLong,446582,BMC D PAD,1287,N,2249,W,NENW,"18",7S,95W,"6",39.441441,-108.040966,238298,4370180,500,ложь
135,"04515727","045","15727","05-045-15727",96850,TEP ROCKY MOUNTAIN LLC,31-04B,LEVERICH,31-04B LEVERICH,ACTUAL,2008/05/27,6664,9570,9206,75400,RULISON,295309,WELL,PR,GW,2024/04/01,ACTUAL LatLong,334714,Leverich 31-06 Pad,2427,N,1558,W,SENW,"31",6S,93W,"6",39.48297,-107.82123,257355,4374175,500,ложь
137,"04512800","045","12800","05-045-12800",96850,TEP ROCKY MOUNTAIN LLC,RWF 511-9,FEDERAL,RWF 511-9 FEDERAL,ACTUAL,2007/05/30,5980,9370,9024,75400,RULISON,286892,WELL,PR,GW,2021/11/01,ACTUAL LatLong,335636,FEDERAL RWF 12-9,2496,S,319,E,NESE,"8",6S,94W,"6",39.539334,-107.903733,250460,4380657,500,ложь
139,"04513985","045","13985","05-045-13985",10433,LARAMIE ENERGY LLC,697-15-09A,CASCADE CREEK,697-15-09A CASCADE CREEK,ACTUAL,2007/05/05,8274,8835,8796,31290,GRAND VALLEY,290136,WELL,PR,GW,2018/10/18,ACTUAL LatLong,335844,CC 0697-16-16 Pad,1118,N,370,E,NENE,"16",6S,97W,"6",39.527057,-108.216527,223526,4380209,500,ложь
140,"04523321","045","23321","05-045-23321",96850,TEP ROCKY MOUNTAIN LLC,23A-18-07-95,BMC B,23A-18-07-95 BMC B,ACTUAL,2017/07/01,5098,6330,6051,99999,WILDCAT,447709,WELL,PR,GW,2018/03/28,ACTUAL LatLong,447695,BMC B PAD,2256,N,743,W,SWNW,"18",7S,95W,"6",39.43881,-108.046265,237832,4369903,500,ложь
146,"04507205","045","07205","05-045-07205",10844,QB ENERGY OPERATING LLC,2-22,SAVAGE,2-22 SAVAGE,ACTUAL,1997/10/02,5995,7315,0,75400,RULISON,211445,WELL,PR,GW,2024/01/01,ACTUAL LatLong,334687,SAVAGE-67S94W 2SENW,1928,N,2253,W,SENW,"2",7S,94W,"6",39.46934,-107.8566,254265,4372758,500,ложь
148,"04523727","045","23727","05-045-23727",96850,TEP ROCKY MOUNTAIN LLC,PA 522-26,FEDERAL,PA 522-26 FEDERAL,ACTUAL,2018/08/20,5637,8473,8311,67350,PARACHUTE,452380,WELL,PR,GW,2018/10/22,ACTUAL LatLong,335330,FEDERAL PA 23-26,2117,S,2409,W,NESW,"26",6S,95W,"6",39.494328,-107.966909,244865,4375838,500,ложь
149,"04524204","045","24204","05-045-24204",96850,TEP ROCKY MOUNTAIN LLC,PA 532-13,FEDERAL,PA 532-13 FEDERAL,ACTUAL,2020/08/12,6571,10005,9338,67350,PARACHUTE,459107,WELL,PR,GW,2020/12/08,ACTUAL LatLong,457469,FEDERAL PA 44-13,1124,S,1016,E,SESE,"13",6S,95W,"6",39.5207,-107.94184,247117,4378695,500,ложь
150,"04523420","045","23420","05-045-23420",10844,QB ENERGY OPERATING LLC,23D-26-697,Puckett,23D-26-697 Puckett,ACTUAL,2018/05/20,8329,8886,8792,31290,GRAND VALLEY,448477,WELL,PR,GW,2018/10/12,ACTUAL LatLong,448472,Mesa F26-697,2350,N,1721,W,SENW,"26",6S,97W,"6",39.494809,-108.190655,225623,4376550,500,ложь
156,"04505080","045","05080","05-045-05080",10539,UTAH GAS OP LTD DBA UTAH GAS CORP,"4",SOUTH CANYON-FEDERAL,4 SOUTH CANYON-FEDERAL,ACTUAL,1959/09/30,5870,5745,5745,77750,SOUTH CANYON,210185,WELL,PR,GW,2025/08/01,ACTUAL LatLong,322299,SOUTH CANYON-FEDERAL-67S104W 2NWNE,287,N,1894,E,NWNE,"2",7S,104W,"6",39.487727,-108.95338,159980,4378369,500,ложь
157,"04510742","045","10742","05-045-10742",10844,QB ENERGY OPERATING LLC,4-9A (P33NWC),GMR,4-9A (P33NWC) GMR,ACTUAL,2005/07/26,6766,9733,9505,52500,MAMM CREEK,277629,WELL,PR,GW,2024/08/01,ACTUAL LatLong,334587,GMR-66S93W 33SESE,951,S,822,E,SESE,"33",6S,93W,"6",39.478127,-107.773625,261434,4373510,500,ложь
159,"04520447","045","20447","05-045-20447",10844,QB ENERGY OPERATING LLC,8601A-33 P28496,DW,8601A-33 P28496 DW,ACTUAL,2011/09/10,7791,11815,11716,31290,GRAND VALLEY,421900,WELL,PR,GW,2017/10/01,ACTUAL LatLong,421886,DW P28 496,620,S,445,E,SESE,"28",4S,96W,"6",39.66776,-108.165715,228445,4395674,500,ложь
163,"04514804","045","14804","05-045-14804",10456,CAERUS PICEANCE LLC,32B-25D,PUCKETT,32B-25D PUCKETT,ACTUAL,2007/11/14,8135,9032,9017,31290,GRAND VALLEY,292854,WELL,PA,GW,2018/09/10,ACTUAL LatLong,335506,PUCKETT-66S97W 25SWNE,2121,N,2044,E,SWNE,"25",6S,97W,"6",39.49544,-108.16664,227691,4376547,500,ложь
164,"04509030","045","09030","05-045-09030",10456,CAERUS PICEANCE LLC,32-5D (L32),COUEY,32-5D (L32) COUEY,ACTUAL,2003/03/27,5881,7242,7092,52500,MAMM CREEK,265592,WELL,PA,GW,2020/07/02,ACTUAL LatLong,334830,GRAHAM-66S92W 32NWSW,1966,S,644,W,NWSW,"32",6S,92W,"6",39.48144,-107.69706,268031,4373678,500,ложь
166,"04524326","045","24326","05-045-24326",10844,QB ENERGY OPERATING LLC,24A-32-496,BJU M33 FED,24A-32-496 BJU M33 FED,ACTUAL,2023/10/10,8403,11616,11037,31290,GRAND VALLEY,476636,WELL,PR,OW,2024/01/23,ACTUAL LatLong,335937,NPM M33-496 Pad,789,S,1249,W,SWSW,"33",4S,96W,"6",39.653437,-108.178418,227298,4394123,500,ложь
168,"04519022","045","19022","05-045-19022",96850,TEP ROCKY MOUNTAIN LLC,PA 442-12,DIAMOND ELK,PA 442-12 DIAMOND ELK,ACTUAL,2011/01/03,6289,8615,8119,67350,PARACHUTE,415322,WELL,PR,GW,2021/02/01,ACTUAL LatLong,334723,DIAMOND ELK PA 41-12,421,N,1930,E,NWNE,"12",7S,95W,"6",39.458612,-107.944351,246676,4371810,500,ложь
169,"04523998","045","23998","05-045-23998",10844,QB ENERGY OPERATING LLC,11A-2-596,NPR,11A-2-596 NPR,ACTUAL,2019/03/22,8331,11815,11576,31290,GRAND VALLEY,455831,WELL,PR,GW,2019/07/08,ACTUAL LatLong,335720,NPR A03-596,1364,N,553,E,SENE,"3",5S,96W,"6",39.647524,-108.147994,229886,4393374,500,ложь
172,"04515467","045","15467","05-045-15467",10844,QB ENERGY OPERATING LLC,MF02C C28 696,N. PARACHUTE,MF02C C28 696 N. PARACHUTE,ACTUAL,2008/09/08,5674,7438,7036,31290,GRAND VALLEY,260,WELL,PR,GW,2018/12/01,ACTUAL LatLong,335200,N. PARACHUTE-66S96W 28NENW,530,N,1572,W,NENW,"28",6S,96W,"6",39.501019,-108.117636,231927,4377019,500,ложь
173,"04509537","045","09537","05-045-09537",10844,QB ENERGY OPERATING LLC,"6243",GASAWAY,6243 GASAWAY,ACTUAL,2004/03/28,6109,6357,,29560,GASAWAY,270371,WELL,SI,GW,2025/07/01,ACTUAL LatLong,324260,GASAWAY-66S99W 24NENE,841,N,639,E,NENE,"24",6S,99W,"6",39.524033,-108.383836,209129,4380401,500,ложь
174,"04524475","045","24475","05-045-24475",96850,TEP ROCKY MOUNTAIN LLC,NR 333-4,FEDERAL,NR 333-4 FEDERAL,ACTUAL,2022/06/10,6730,11030,9864,75400,RULISON,479176,WELL,PR,OW,2022/10/25,ACTUAL LatLong,422211,Clough NR 23-3,2430,S,1251,W,NWSW,"3",6S,94W,"6",39.554203,-107.879103,252630,4382240,500,ложь
175,"04512528","045","12528","05-045-12528",10844,QB ENERGY OPERATING LLC,23-9 (H23W),COUEY,23-9 (H23W) COUEY,ACTUAL,2007/03/22,6547,8378,8255,52500,MAMM CREEK,285592,WELL,PR,GW,2024/06/01,ACTUAL LatLong,334679,COUEY-67S93W 23SENE,2495,N,105,E,SENE,"23",7S,93W,"6",39.43163,-107.73311,264762,4368242,500,ложь
177,"04514688","045","14688","05-045-14688",10844,QB ENERGY OPERATING LLC,WF02A-35 K26 59,N. PARACHUTE,WF02A-35 K26 59 N. PARACHUTE,ACTUAL,2008/02/16,6249,9175,8834,31290,GRAND VALLEY,292314,WELL,PR,GW,2022/01/01,ACTUAL LatLong,335668,N.PARACHUTE-65S96W 26NESW,1572,S,2599,E,NWSE,"26",5S,96W,"6",39.583203,-108.136572,230617,4386199,500,ложь
180,"04509239","045","09239","05-045-09239",10844,QB ENERGY OPERATING LLC,3-14A (3),HMU,3-14A (3) HMU,ACTUAL,2003/06/16,6019,8435,8153,52500,MAMM CREEK,268006,WELL,PR,GW,2021/05/01,ACTUAL LatLong,334940,HMU-67S93W 3NESE,2089,S,1218,E,NESE,"3",7S,93W,"6",39.47295,-107.75612,262922,4372889,500,ложь
187,"04519128","045","19128","05-045-19128",96850,TEP ROCKY MOUNTAIN LLC,18-01B,SAVAGE,18-01B SAVAGE,ACTUAL,2010/12/10,7212,9110,9042,75400,RULISON,415651,WELL,PR,GW,2024/08/01,ACTUAL LatLong,415655,SAVAGE 17-05 PAD,1058,N,83,W,SWNW,"17",7S,94W,"6",39.44219,-107.91933,248770,4369917,500,ложь
188,"04507720","045","07720","05-045-07720",10844,QB ENERGY OPERATING LLC,10-16 (I10),ROSE RANCH,10-16 (I10) ROSE RANCH,ACTUAL,2001/06/21,6853,8776,8670,52500,MAMM CREEK,259382,WELL,PR,GW,2024/05/01,ACTUAL LatLong,334563,PARKER RANCH-67S93W 10NESE,1364,S,1262,E,NESE,"10",7S,93W,"6",39.45658,-107.75585,262890,4371071,500,ложь
193,"04519827","045","19827","05-045-19827",10844,QB ENERGY OPERATING LLC,8501C-36 B36496,SGU,8501C-36 B36496 SGU,ACTUAL,2010/10/21,8352,12263,12206,31290,GRAND VALLEY,418898,WELL,PR,GW,2021/01/01,ACTUAL LatLong,415180,Story Gulch Unit 8505A-36 B36496,754,N,1631,E,Lot 2,"36",4S,96W,"6",39.663996,-108.113477,232912,4395100,500,ложь
194,"04510142","045","10142","05-045-10142",10844,QB ENERGY OPERATING LLC,10-1 (M2SW),HMU,10-1 (M2SW) HMU,ACTUAL,2004/08/31,7763,11088,10694,52500,MAMM CREEK,272777,WELL,PA,GW,2022/07/08,ACTUAL LatLong,334322,WIEBEN-68S93W 2SWSW,881,S,748,W,SWSW,"2",8S,93W,"6",39.38799,-107.74808,263326,4363437,500,ложь
196,"04522394","045","22394","05-045-22394",10844,QB ENERGY OPERATING LLC,24B-13,ISLAND RANCH,24B-13 ISLAND RANCH,ACTUAL,2014/06/06,5056,6000,5842,67350,PARACHUTE,437039,WELL,PR,GW,2025/05/01,ACTUAL LatLong,436810,Island Ranch 13-796,1334,S,1055,W,Lot 10,"13",7S,96W,"6",39.433867,-108.064256,236264,4369407,500,ложь
197,"04518805","045","18805","05-045-18805",10844,QB ENERGY OPERATING LLC,15B-3R-696,NPR O04,15B-3R-696 NPR O04,ACTUAL,2021/01/05,6007,9620,8418,31290,GRAND VALLEY,414206,WELL,PR,GW,2021/05/18,ACTUAL LatLong,414231,NPR O04-696 Pad,1482,S,1598,E,Lot 9,"4",6S,96W,"6",39.550776,-108.108036,232944,4382514,500,ложь
200,"04514571","045","14571","05-045-14571",10844,QB ENERGY OPERATING LLC,WF09A-25I25A596,N PARACHUTE,WF09A-25I25A596 N PARACHUTE,ACTUAL,2007/12/20,5818,8745,8706,31290,GRAND VALLEY,292027,WELL,PR,GW,2018/12/01,ACTUAL LatLong,335651,N PARACHUTE WF09B-25I25A596,1767,S,566,E,NESE,"25",5S,96W,"6",39.583756,-108.110614,232849,4386183,500,ложь
201,"04514162","045","14162","05-045-14162",10844,QB ENERGY OPERATING LLC,7-12C,FEDERAL,7-12C FEDERAL,ACTUAL,2008/08/27,6291,6583,6536,67350,PARACHUTE,290605,WELL,SI,GW,2025/03/01,ACTUAL LatLong,334351,FEDERAL-68S95W 7LOT 7,2668,N,531,W,Lot 7,"7",8S,95W,"6",39.377726,-108.046522,237580,4363123,500,ложь
202,"04514785","045","14785","05-045-14785",96850,TEP ROCKY MOUNTAIN LLC,543-14-696,AP,543-14-696 AP,ACTUAL,2008/05/14,6664,9045,8721,31290,GRAND VALLEY,292783,WELL,PR,GW,2022/10/01,ACTUAL LatLong,335089,AP-66S96W 14SWSE,167,S,1753,E,SWSE,"14",6S,96W,"6",39.516234,-108.073651,235768,4378578,500,ложь
203,"04523922","045","23922","05-045-23922",96850,TEP ROCKY MOUNTAIN LLC,NR 312-3,CLOUGH,NR 312-3 CLOUGH,ACTUAL,2018/09/15,6719,10186,9905,75400,RULISON,454655,WELL,PR,GW,2019/03/07,ACTUAL LatLong,422211,Clough NR 23-3,1835,S,1762,W,NESW,"3",6S,94W,"6",39.552571,-107.877287,252780,4382054,500,ложь
205,"04509196","045","09196","05-045-09196",10844,QB ENERGY OPERATING LLC,18-14B (13WB),GRAHAM,18-14B (13WB) GRAHAM,ACTUAL,2003/10/18,6284,7505,7305,52500,MAMM CREEK,267449,WELL,SI,GW,2025/06/01,ACTUAL LatLong,334658,COUEY-67S93W 13SESE,1159,S,1180,E,SESE,"13",7S,93W,"6",39.44192,-107.71851,266054,4369346,500,ложь
211,"04512290","045","12290","05-045-12290",10844,QB ENERGY OPERATING LLC,4-16A (OP4),JOLLEY,4-16A (OP4) JOLLEY,ACTUAL,2006/06/30,5240,4868,4732,31290,GRAND VALLEY,284816,WELL,PR,GW,2025/07/01,ACTUAL LatLong,334079,JOLLEY-68S96W 4SESE,1135,S,357,E,SESE,"4",8S,96W,"6",39.37459,-108.10612,232434,4362950,500,ложь
213,"04517074","045","17074","05-045-17074",96850,TEP ROCKY MOUNTAIN LLC,322-18-695,AP,322-18-695 AP,ACTUAL,2008/11/27,8401,11077,11046,67350,PARACHUTE,298108,WELL,PR,GW,2024/10/01,ACTUAL LatLong,335996,AP-66S95W 18NENW,969,N,1781,W,NENW,"18",6S,95W,"6",39.529464,-108.042269,238516,4379955,500,ложь
215,"04520188","045","20188","05-045-20188",10844,QB ENERGY OPERATING LLC,11-3A (RD-11),FEDERAL SAVAGE,11-3A (RD-11) FEDERAL SAVAGE,ACTUAL,2011/08/21,6384,8535,8481,75400,RULISON,420608,WELL,PR,GW,2024/06/01,ACTUAL LatLong,335004,FEDERAL SAVAGE 11-4A,1037,N,1204,W,NWNW,"11",7S,94W,"6",39.457516,-107.859243,253996,4371452,500,ложь
216,"04511784","045","11784","05-045-11784",96850,TEP ROCKY MOUNTAIN LLC,30-06D,MEAD,30-06D MEAD,ACTUAL,2007/03/10,6178,9061,8867,75400,RULISON,282551,WELL,PR,GW,2024/08/01,ACTUAL LatLong,335121,Mead 30-12 Pad,2305,S,835,W,NWSW,"30",6S,93W,"6",39.4959,-107.82396,257165,4375617,500,ложь
219,"04518919","045","18919","05-045-18919",10844,QB ENERGY OPERATING LLC,WF16A-21 K22 59,N. Parachute,WF16A-21 K22 59 N. Parachute,ACTUAL,2010/01/21,6526,9245,8751,31290,GRAND VALLEY,414816,WELL,PR,GW,2022/07/01,ACTUAL LatLong,335648,N. Parachute WF K22 596,2125,S,1573,W,NESW,"22",5S,96W,"6",39.599216,-108.159187,228737,4388045,500,ложь
226,"04522481","045","22481","05-045-22481",96850,TEP ROCKY MOUNTAIN LLC,41C-08-07-95,TOMPKINS,41C-08-07-95 TOMPKINS,ACTUAL,2016/06/15,5528,6942,6826,67350,PARACHUTE,438309,WELL,PR,GW,2023/03/01,ACTUAL LatLong,438312,TOMPKINS PAD,223,S,571,E,SESE,"5",7S,95W,"6",39.460024,-108.013914,240695,4372165,500,ложь
231,"04511390","045","11390","05-045-11390",10844,QB ENERGY OPERATING LLC,WF02B D23A 596,N.PARACHUTE,WF02B D23A 596 N.PARACHUTE,ACTUAL,2005/11/07,6230,9635,9061,31290,GRAND VALLEY,281022,WELL,PR,GW,2025/02/01,ACTUAL LatLong,335593,N.PARACHUTE-65S96W 23NWNW,835,N,870,W,NWNW,"23",5S,96W,"6",39.605596,-108.142987,230153,4388705,500,ложь
235,"04517791","045","17791","05-045-17791",10844,QB ENERGY OPERATING LLC,44C-2,Puckett,44C-2 Puckett,ACTUAL,2016/02/02,8430,8820,8744,31290,GRAND VALLEY,299924,WELL,PR,GW,2021/05/01,ACTUAL LatLong,335017,Mesa P2-797,1065,S,333,E,SESE,"2",7S,97W,"6",39.470274,-108.179138,226517,4373791,500,ложь
236,"04521577","045","21577","05-045-21577",10844,QB ENERGY OPERATING LLC,UWF 10C-04 H096,N Parachute,UWF 10C-04 H096 N Parachute,ACTUAL,2018/10/02,8270,11305,10932,31290,GRAND VALLEY,429435,WELL,SI,GW,2025/08/01,ACTUAL LatLong,335907,NORTH PARACHUTE UWF H04 596,2062,N,87,E,SENE,"4",5S,96W,"6",39.645659,-108.165139,228407,4393219,500,ложь
237,"04507538","045","07538","05-045-07538",10844,QB ENERGY OPERATING LLC,33-16 (P33NW),GMR,33-16 (P33NW) GMR,ACTUAL,2000/08/22,6798,,8300,52500,MAMM CREEK,257351,WELL,PR,CBM,2025/03/01,ACTUAL LatLong,334604,GRASS MESA RANCH-66S93W 33SESE,657,S,700,E,SESE,"33",6S,93W,"6",39.47733,-107.7731,261476,4373420,500,ложь
241,"04523505","045","23505","05-045-23505",96850,TEP ROCKY MOUNTAIN LLC,532-5,GM,532-5 GM,ACTUAL,2017/09/13,5977,7305,6692,31290,GRAND VALLEY,450237,WELL,PR,GW,2017/12/11,ACTUAL LatLong,334816,MV 34-5,728,S,908,E,LOT 7,"5",7S,96W,"6",39.461028,-108.12556,231092,4372604,500,ложь
243,"04510904","045","10904","05-045-10904",96850,TEP ROCKY MOUNTAIN LLC,C1,NORTH BANK,C1 NORTH BANK,ACTUAL,2008/02/23,5352,8942,8895,52500,MAMM CREEK,278648,WELL,PR,GW,2025/06/01,ACTUAL LatLong,336013,NORTH BANK-66S93W 12NESW,2106,S,1951,W,NESW,"12",6S,93W,"6",39.539446,-107.727068,265645,4380194,500,ложь
250,"04518559","045","18559","05-045-18559",10844,QB ENERGY OPERATING LLC,"31D-8",Savage,31D-8 Savage,ACTUAL,2016/03/16,6466,8880,8815,75400,RULISON,412728,WELL,PR,GW,2016/12/01,ACTUAL LatLong,413476,Savage 8A-794,556,N,1186,E,NENE,"8",7S,94W,"6",39.458334,-107.906242,249954,4371673,500,ложь
254,"04524257","045","24257","05-045-24257",10433,LARAMIE ENERGY LLC,"0697-10-07E",CC,"0697-10-07E CC",ACTUAL,2023/02/12,8592,10167,9532,31290,GRAND VALLEY,461993,WELL,PR,OW,2023/08/30,ACTUAL LatLong,383264,Cascade Creek (CC) 0610-21-41,129,N,2489,W,NENW,"10",6S,97W,"6",39.544328,-108.206648,224443,4382096,500,ложь
255,"04508931","045","08931","05-045-08931",10844,QB ENERGY OPERATING LLC,31-36,PUCKETT,31-36 PUCKETT,ACTUAL,2004/07/30,8161,8753,8753,31290,GRAND VALLEY,264675,WELL,SI,GW,2025/07/01,ACTUAL LatLong,324208,PUCKETT-66S97W 36NWSE,550,S,2003,E,NWSE,"36",6S,97W,"6",39.48339,-108.16642,227663,4375209,500,ложь
256,"04507865","045","07865","05-045-07865",10844,QB ENERGY OPERATING LLC,36-9 (H-36),BENZEL,36-9 (H-36) BENZEL,ACTUAL,2001/07/19,5926,7820,7635,52500,MAMM CREEK,260546,WELL,SI,GW,2025/02/01,ACTUAL LatLong,334974,BENZEL-66S93W 36SENE,2029,N,695,E,SENE,"36",6S,93W,"6",39.48505,-107.71698,266330,4374130,500,ложь
260,"04506053","045","06053","05-045-06053",10456,CAERUS PICEANCE LLC,"1",BENZEL DISPOSAL,1 BENZEL DISPOSAL,ACTUAL,1974/06/29,5052,8650,,52500,MAMM CREEK,210297,WELL,PA,DSP,2020/06/22,ACTUAL LatLong,335228,BENZEL DISPOSAL-66S93W 36NWNE,660,N,1980,E,NWNE,"36",6S,93W,"6",39.48859,-107.72164,265941,4374535,500,ложь
262,"04513765","045","13765","05-045-13765",10844,QB ENERGY OPERATING LLC,7-22C,FEDERAL,7-22C FEDERAL,ACTUAL,2007/05/20,6250,7055,7000,67350,PARACHUTE,289452,WELL,SI,GW,2025/06/01,ACTUAL LatLong,311684,FEDERAL-68S95W 7NWNW,2436,N,2868,W,SENW,"7",8S,95W,"6",39.378375,-108.038267,238294,4363171,500,ложь
265,"04509567","045","09567","05-045-09567",96850,TEP ROCKY MOUNTAIN LLC,531-6,PA,531-6 PA,ACTUAL,2004/04/14,5202,6605,6547,67350,PARACHUTE,270608,WELL,PR,GW,2024/07/01,ACTUAL LatLong,334920,PA-67S95W 6NWNE,456,N,1997,E,NWNE,"6",7S,95W,"6",39.472644,-108.038176,238655,4373636,500,ложь
267,"04510361","045","10361","05-045-10361",10844,QB ENERGY OPERATING LLC,36-14 (PK-36-7-,TBI FEDERAL,36-14 (PK-36-7- TBI FEDERAL,ACTUAL,2005/02/27,5640,6555,6400,67350,PARACHUTE,275600,WELL,PA,GW,2024/02/27,ACTUAL LatLong,334084,ST. PARACHUTE TBI-67S96W 36NESW,1943,S,2441,W,NESW,"36",7S,96W,"6",39.39208,-108.05892,236566,4364753,500,ложь
270,"04522687","045","22687","05-045-22687",96850,TEP ROCKY MOUNTAIN LLC,42-10,Federal GM,42-10 Federal GM,ACTUAL,2017/09/05,6148,7547,6956,31290,GRAND VALLEY,440614,WELL,PR,GW,2017/11/28,ACTUAL LatLong,322536,MV 5-10,2092,N,1964,W,SENW,"10",7S,96W,"6",39.453039,-108.096416,233569,4371630,500,ложь
271,"04523131","045","23131","05-045-23131",96850,TEP ROCKY MOUNTAIN LLC,RU 423-7,Youberg,RU 423-7 Youberg,ACTUAL,2016/07/25,7338,9606,9445,75400,RULISON,445636,WELL,PR,GW,2016/11/28,ACTUAL LatLong,323942,Youberg RU 22-7,2030,N,1897,W,SENW,"7",7S,93W,"6",39.456899,-107.819712,257395,4371277,500,ложь
272,"04524009","045","24009","05-045-24009",96850,TEP ROCKY MOUNTAIN LLC,SG 413-22,STRAIT BOTTOM RANCH,SG 413-22 STRAIT BOTTOM RANCH,ACTUAL,2020/04/11,5665,6122,5761,31290,GRAND VALLEY,456253,WELL,PR,GW,2025/01/01,ACTUAL LatLong,435460,STRAIT BOTTOM RANCH SG 23-22,2034,S,1669,W,LOT 8,"22",7S,96W,"6",39.421419,-108.099782,233158,4368130,500,ложь
273,"04511985","045","11985","05-045-11985",96850,TEP ROCKY MOUNTAIN LLC,21B-08-07-91,CSF,21B-08-07-91 CSF,ACTUAL,2006/08/23,6450,7315,6915,52500,MAMM CREEK,283753,WELL,PR,GW,2021/12/01,ACTUAL LatLong,335052,CSF T Pad,1823,N,891,W,SWNW,"8",7S,91W,"6",39.46407,-107.58262,277820,4371461,500,ложь
277,"04509796","045","09796","05-045-09796",16700,CHEVRON USA INC,"1",SKINNER RIDGE 698-28,1 SKINNER RIDGE 698-28,ACTUAL,2006/01/30,6242,5654,,77548,SKINNER RIDGE,271038,WELL,SI,GW,2024/06/01,ACTUAL LatLong,324266,SKINNER RIDGE 698-28-66S98W 28SESW,639,S,1432,W,SESW,"28",6S,98W,"6",39.498573,-108.339772,212812,4377433,500,ложь
278,"04523457","045","23457","05-045-23457",96850,TEP ROCKY MOUNTAIN LLC,SR 534-12,WARE,SR 534-12 WARE,ACTUAL,2018/01/12,7479,9824,9496,75400,RULISON,449409,WELL,PR,GW,2018/03/21,ACTUAL LatLong,449385,WARE SR 23-12,1760,S,2320,W,NESW,"12",7S,94W,"6",39.451036,-107.836594,255922,4370671,500,ложь
279,"04512382","045","12382","05-045-12382",10844,QB ENERGY OPERATING LLC,5-24C,FEDERAL,5-24C FEDERAL,ACTUAL,2006/06/17,6411,6990,6877,67350,PARACHUTE,285150,WELL,PR,GW,2024/10/01,ACTUAL LatLong,334081,FEDERAL-68S95W 8NENW,531,N,1640,W,NENW,"8",8S,95W,"6",39.383698,-108.021588,239751,4363714,500,ложь
281,"04523397","045","23397","05-045-23397",10844,QB ENERGY OPERATING LLC,34B-26-697,Puckett,34B-26-697 Puckett,ACTUAL,2018/07/02,8337,9563,8857,31290,GRAND VALLEY,448453,WELL,PR,GW,2018/11/05,ACTUAL LatLong,448472,Mesa F26-697,2298,N,1691,W,SENW,"26",6S,97W,"6",39.494934,-108.190747,225615,4376564,500,ложь
284,"04520581","045","20581","05-045-20581",96850,TEP ROCKY MOUNTAIN LLC,A2,LEFT HAND FED CA,A2 LEFT HAND FED CA,ACTUAL,2011/05/04,5684,7874,7732,52500,MAMM CREEK,422456,WELL,PR,GW,2022/02/01,ACTUAL LatLong,335543,Left Hand Federal A Pad,957,S,926,W,SWSW,"16",6S,92W,"6",39.522123,-107.677893,269814,4378144,500,ложь
286,"04509007","045","09007","05-045-09007",10844,QB ENERGY OPERATING LLC,35-1C (H35B),BENZEL,35-1C (H35B) BENZEL,ACTUAL,2003/12/19,5982,7620,7341,52500,MAMM CREEK,265384,WELL,PR,GW,2022/11/01,ACTUAL LatLong,334954,BENZEL-66S93W 35SENE,2073,N,239,E,SENE,"35",6S,93W,"6",39.48435,-107.73405,264859,4374097,500,ложь
289,"04509336","045","09336","05-045-09336",10844,QB ENERGY OPERATING LLC,32-6D (F32),RAILSBACK,32-6D (F32) RAILSBACK,ACTUAL,2003/10/23,5829,7268,6944,52500,MAMM CREEK,269235,WELL,PA,GW,2023/07/11,ACTUAL LatLong,335466,RAILSBACK-66S92W 32SENW,1421,N,1479,W,SENW,"32",6S,92W,"6",39.4867,-107.69425,268290,4374254,500,ложь
290,"04522490","045","22490","05-045-22490",96850,TEP ROCKY MOUNTAIN LLC,414-33,WPX GM,414-33 WPX GM,ACTUAL,2014/11/03,5743,6970,6664,31290,GRAND VALLEY,438500,WELL,PR,GW,2024/09/01,ACTUAL LatLong,323902,GM 13-33,2301,S,1140,W,NWSW,"33",6S,96W,"6",39.479577,-108.118563,231765,4374642,500,ложь
294,"04512082","045","12082","05-045-12082",96850,TEP ROCKY MOUNTAIN LLC,D3,VALLEY FARMS,D3 VALLEY FARMS,ACTUAL,2007/04/04,5530,8530,8454,52500,MAMM CREEK,284084,WELL,IJ,DSP,2025/08/01,ACTUAL LatLong,335534,VALLEY FARMS-66S92W 15NENW,1073,N,2614,W,NENW,"15",6S,92W,"6",39.531123,-107.653224,271965,4379081,500,ложь
305,"04522823","045","22823","05-045-22823",96850,TEP ROCKY MOUNTAIN LLC,21A-08-07-95,TOMPKINS,21A-08-07-95 TOMPKINS,ACTUAL,2016/07/15,5528,7646,6848,67350,PARACHUTE,441198,WELL,PR,GW,2022/04/01,ACTUAL LatLong,438312,TOMPKINS PAD,223,S,683,E,SESE,"5",7S,95W,"6",39.46003,-108.014311,240661,4372166,500,ложь
311,"04524254","045","24254","05-045-24254",10433,LARAMIE ENERGY LLC,"0697-09-02E",CC,"0697-09-02E CC",ACTUAL,2022/11/16,8592,9904,9302,31290,GRAND VALLEY,461990,WELL,PR,GW,2025/11/04,ACTUAL LatLong,383264,Cascade Creek (CC) 0610-21-41,121,N,2378,W,NENW,"10",6S,97W,"6",39.544352,-108.207038,224410,4382100,500,ложь
314,"04511737","045","11737","05-045-11737",10844,QB ENERGY OPERATING LLC,8C-5D,CHEVRON,8C-5D CHEVRON,ACTUAL,2006/06/30,5780,8645,8340,31290,GRAND VALLEY,282349,WELL,PA,GW,2023/08/22,ACTUAL LatLong,335577,CHEVRON-66S96W 4SWNW,2246,N,694,W,SWNW,"4",6S,96W,"6",39.55825,-108.11814,232104,4383374,500,ложь
316,"04506294","045","06294","05-045-06294",10539,UTAH GAS OP LTD DBA UTAH GAS CORP,"7101",TWIN BUTTES,7101 TWIN BUTTES,ACTUAL,1981/08/17,7746,7250,0,84300,TWIN BUTTES,210538,WELL,PR,GW,2025/07/01,ACTUAL LatLong,322453,TWIN BUTTES-65S102W 23NESE,1897,S,736,E,NESE,"23",5S,102W,"6",39.608267,-108.805014,173311,4391202,500,ложь
318,"04509569","045","09569","05-045-09569",96850,TEP ROCKY MOUNTAIN LLC,331-6,PA,331-6 PA,ACTUAL,2004/05/11,5202,6551,6498,67350,PARACHUTE,270610,WELL,PR,GW,2024/07/01,ACTUAL LatLong,334920,PA-67S95W 6NWNE,446,N,1969,E,NWNE,"6",7S,95W,"6",39.472676,-108.038078,238663,4373639,500,ложь
324,"04522916","045","22916","05-045-22916",96850,TEP ROCKY MOUNTAIN LLC,44B-08-07-95,MONUMENT RIDGE B,44B-08-07-95 MONUMENT RIDGE B,ACTUAL,2016/01/18,5700,6935,6907,67350,PARACHUTE,442836,WELL,PR,GW,2016/07/01,ACTUAL LatLong,442832,MONUMENT RIDGE B PAD,905,S,166,E,SESE,"8",7S,95W,"6",39.447489,-108.012356,240783,4370769,500,ложь
327,"04514200","045","14200","05-045-14200",10844,QB ENERGY OPERATING LLC,43C-7D,PUCKETT,43C-7D PUCKETT,ACTUAL,2008/09/08,8306,8800,8650,31290,GRAND VALLEY,290774,WELL,SI,GW,2024/09/01,ACTUAL LatLong,334997,PUCKETT-67S96W 7NWSE,1617,S,1854,E,NWSE,"7",7S,96W,"6",39.44903,-108.14717,229185,4371336,500,ложь
334,"04512188","045","12188","05-045-12188",10844,QB ENERGY OPERATING LLC,7-22D,FEDERAL,7-22D FEDERAL,ACTUAL,2007/05/18,6252,7030,6987,67350,PARACHUTE,284503,WELL,PR,GW,2024/11/01,ACTUAL LatLong,311684,FEDERAL-68S95W 7NWNW,2462,N,2864,W,SENW,"7",8S,95W,"6",39.378374,-108.038324,238289,4363171,500,ложь
335,"04524381","045","24381","05-045-24381",10844,QB ENERGY OPERATING LLC,21B-26-496,BJU M23A FED,21B-26-496 BJU M23A FED,ACTUAL,2024/01/19,8110,12383,12047,31290,GRAND VALLEY,478263,WELL,PR,OW,2025/01/19,ACTUAL LatLong,478266,BJU M23A-496 Pad,1234,S,1274,W,SWSW,"23",4S,96W,"6",39.683954,-108.140883,230638,4397397,500,ложь
336,"04515689","045","15689","05-045-15689",10844,QB ENERGY OPERATING LLC,26-34B,PARACHUTE RANCH,26-34B PARACHUTE RANCH,ACTUAL,2009/08/29,5278,6082,6055,31290,GRAND VALLEY,295178,WELL,SI,DSP,2017/12/01,ACTUAL LatLong,334405,PARACHUTE RANCH-67S96W 26SWSE,904,S,2348,E,SWSE,"26",7S,96W,"6",39.403786,-108.075852,235152,4366102,500,ложь
337,"04506583","045","06583","05-045-06583",96850,TEP ROCKY MOUNTAIN LLC,DOE 1-W-26,Federal,DOE 1-W-26 Federal,ACTUAL,1989/09/07,5849,3901,3899,67350,PARACHUTE,210825,WELL,PA,DSP,2020/04/23,ACTUAL LatLong,335232,DOE-66S95W 26SENW,1695,N,2278,W,LOT 6,"26",6S,95W,"6",39.49852,-107.967375,244841,4376305,500,ложь
338,"04518396","045","18396","05-045-18396",10456,CAERUS PICEANCE LLC,"45",696-6A,45 696-6A,ACTUAL,2010/02/25,8137,10451,10082,31290,GRAND VALLEY,411845,WELL,PA,GW,2023/01/24,ACTUAL LatLong,439135,696-6A 43,3469,N,1301,W,LOT 12,"5",6S,96W,"6",39.55489,-108.13565,230586,4383054,500,ложь
344,"04511255","045","11255","05-045-11255",10844,QB ENERGY OPERATING LLC,5-432D,CHEVRON,5-432D CHEVRON,ACTUAL,2006/03/07,5708,8150,7636,31290,GRAND VALLEY,280442,WELL,PR,GW,2025/04/01,ACTUAL LatLong,335585,CHEVRON M04 696,447,S,269,W,SWSW,"4",6S,96W,"6",39.547944,-108.120272,231881,4382236,500,ложь
345,"04524329","045","24329","05-045-24329",10844,QB ENERGY OPERATING LLC,25A-32-496,BJU M33 FED,25A-32-496 BJU M33 FED,ACTUAL,2023/12/12,8404,11600,11226,31290,GRAND VALLEY,476639,WELL,PR,OW,2024/02/01,ACTUAL LatLong,335937,NPM M33-496 Pad,702,N,1224,W,SWSW,"33",4S,96W,"6",39.653199,-108.178504,227290,4394097,500,ложь
346,"04522698","045","22698","05-045-22698",96850,TEP ROCKY MOUNTAIN LLC,41-10,Federal GM,41-10 Federal GM,ACTUAL,2017/08/24,6148,7902,6843,31290,GRAND VALLEY,440625,WELL,PR,GW,2017/11/30,ACTUAL LatLong,322536,MV 5-10,2102,N,1936,W,SENW,"10",7S,96W,"6",39.453011,-108.096516,233560,4371627,500,ложь
347,"04508026","045","08026","05-045-08026",10844,QB ENERGY OPERATING LLC,8-2A (B8E),COUEY,8-2A (B8E) COUEY,ACTUAL,2002/04/06,5934,5695,5680,52500,MAMM CREEK,262434,WELL,PR,GW,2022/04/01,ACTUAL LatLong,334786,COUEY-67S92W 8NWNE,1284,N,1639,E,NWNE,"8",7S,92W,"6",39.46475,-107.68627,268904,4371797,500,ложь
350,"04518104","045","18104","05-045-18104",96850,TEP ROCKY MOUNTAIN LLC,PA 514-16,FEDERAL,PA 514-16 FEDERAL,ACTUAL,2010/10/05,6426,9900,9236,67350,PARACHUTE,301307,WELL,PR,GW,2017/06/01,ACTUAL LatLong,335286,DOE-66S95W 20NENE,1303,N,816,E,NENE,"20",6S,95W,"6",39.514082,-108.015986,240718,4378172,500,ложь
357,"04521872","045","21872","05-045-21872",10844,QB ENERGY OPERATING LLC,12B-28-496,SG,12B-28-496 SG,ACTUAL,2019/12/03,8106,12165,11545,31290,GRAND VALLEY,431740,WELL,PR,GW,2020/09/15,ACTUAL LatLong,335939,SG L27 496,1927,S,1112,W,NWSW,"27",4S,96W,"6",39.671352,-108.160183,228933,4396056,500,ложь
358,"04523781","045","23781","05-045-23781",10844,QB ENERGY OPERATING LLC,23C-10-596,NPR,23C-10-596 NPR,ACTUAL,2018/05/15,6708,9870,9595,31290,GRAND VALLEY,452680,WELL,PR,GW,2024/07/01,ACTUAL LatLong,335676,NPR K10-596,1890,S,2504,W,NESW,"10",5S,96W,"6",39.627516,-108.155894,229130,4391177,500,ложь
360,"04517229","045","17229","05-045-17229",16700,CHEVRON USA INC,698-04-AV-04,SKR,698-04-AV-04 SKR,ACTUAL,2009/01/14,5959,6360,6015,77548,SKINNER RIDGE,298476,WELL,PR,GW,2023/10/01,ACTUAL LatLong,336049,SKR-66S98W 4NESW,1665,S,1822,W,NESW,"4",6S,98W,"6",39.559295,-108.338486,213173,4384170,500,ложь
367,"04523423","045","23423","05-045-23423",10844,QB ENERGY OPERATING LLC,25B-26-697,Puckett,25B-26-697 Puckett,ACTUAL,2018/04/13,8335,9316,8784,31290,GRAND VALLEY,448480,WELL,PR,GW,2018/11/14,ACTUAL LatLong,448472,Mesa F26-697,2316,N,1690,W,SENW,"26",6S,97W,"6",39.494884,-108.190751,225615,4376559,500,ложь
368,"04522692","045","22692","05-045-22692",96850,TEP ROCKY MOUNTAIN LLC,443-10,Federal GM,443-10 Federal GM,ACTUAL,2017/08/17,6148,7785,6868,31290,GRAND VALLEY,440619,WELL,PR,GW,2017/11/20,ACTUAL LatLong,322536,MV 5-10,2112,N,1932,W,SENW,"10",7S,96W,"6",39.452979,-108.096529,233559,4371624,500,ложь
371,"04513002","045","13002","05-045-13002",10844,QB ENERGY OPERATING LLC,21A-2-596,NPR,21A-2-596 NPR,ACTUAL,2019/03/05,8331,11663,11534,31290,GRAND VALLEY,287614,WELL,PR,GW,2019/07/01,ACTUAL LatLong,335720,NPR A03-596,1348,N,565,E,SENE,"3",5S,96W,"6",39.647562,-108.148015,229884,4393379,500,ложь
373,"04515228","045","15228","05-045-15228",10433,LARAMIE ENERGY LLC,697-16-46B,CC,697-16-46B CC,ACTUAL,2008/08/10,7011,7544,7434,31290,GRAND VALLEY,294058,WELL,PA,GW,2021/01/05,ACTUAL LatLong,335203,CC 0697-16D Pad,470,S,2057,E,SWSE,"16",6S,97W,"6",39.517048,-108.222655,222959,4379117,500,ложь
378,"04520671","045","20671","05-045-20671",10844,QB ENERGY OPERATING LLC,25-5A (PE-25),Federal,25-5A (PE-25) Federal,ACTUAL,2011/09/19,5396,5980,5804,67350,PARACHUTE,423096,WELL,SI,GW,2025/03/01,ACTUAL LatLong,423081,Federal PE-25,2048,N,8,W,SWNW,"25",7S,96W,"6",39.40985,-108.06735,235907,4366750,500,ложь
381,"04507954","045","07954","05-045-07954",10844,QB ENERGY OPERATING LLC,25-2A1 (B25W),SHIDELER,25-2A1 (B25W) SHIDELER,ACTUAL,2001/12/14,6789,8315,,52500,MAMM CREEK,261411,WELL,PR,GW,2025/05/01,ACTUAL LatLong,334938,SHIDELER-67S93W 25NWNE,584,N,2183,E,NWNE,"25",7S,93W,"6",39.42296,-107.72191,265697,4367250,500,ложь
382,"04524010","045","24010","05-045-24010",96850,TEP ROCKY MOUNTAIN LLC,SG 422-22,STRAIT BOTTOM RANCH,SG 422-22 STRAIT BOTTOM RANCH,ACTUAL,2020/03/30,5665,6047,5815,31290,GRAND VALLEY,456254,WELL,PR,GW,2020/06/10,ACTUAL LatLong,435460,STRAIT BOTTOM RANCH SG 23-22,2079,S,1678,W,LOT 8,"22",7S,96W,"6",39.421544,-108.099754,233161,4368144,500,ложь
384,"04509853","045","09853","05-045-09853",10770,VISION ENERGY LLC,1-14H,SOUTH SHALE RIDGE,1-14H SOUTH SHALE RIDGE,ACTUAL,2003/06/06,5311,5072,3203,68815,PICEANCE HORIZONTAL WM FORK,266869,WELL,SI,CBM,2025/04/01,ACTUAL LatLong,324270,SOUTH SHALE RIDGE-68S98W 14NENE,5,N,918,E,NENE,"14",8S,98W,"6",39.366934,-108.292805,216318,4362671,500,ложь
386,"04523687","045","23687","05-045-23687",96850,TEP ROCKY MOUNTAIN LLC,TR 543-22-597,CHEVRON,TR 543-22-597 CHEVRON,ACTUAL,2019/02/10,8135,9456,9422,83825,TRAIL RIDGE,452057,WELL,PR,GW,2019/05/01,ACTUAL LatLong,452055,CHEVRON TR 23-22-597,1340,S,2397,W,NESW,"22",5S,97W,"6",39.595581,-108.2652,219617,4387967,500,ложь
387,"04510305","045","10305","05-045-10305",10844,QB ENERGY OPERATING LLC,4-12A (K4E),DUNN,4-12A (K4E) DUNN,ACTUAL,2004/10/15,5938,6676,6539,52500,MAMM CREEK,273950,WELL,PR,GW,2020/10/01,ACTUAL LatLong,334945,DUNN-67S92W 4NENW,2150,S,2070,W,NENW,"4",7S,92W,"6",39.47435,-107.67342,270041,4372830,500,ложь
393,"04523289","045","23289","05-045-23289",96850,TEP ROCKY MOUNTAIN LLC,SR 421-12,YOUBERG,SR 421-12 YOUBERG,ACTUAL,2017/05/19,7254,9568,9313,75400,RULISON,447639,WELL,PR,GW,2017/07/31,ACTUAL LatLong,324061,YOUBERG RU 32-12,1875,N,2129,E,SWNE,"12",7S,94W,"6",39.455461,-107.833949,256165,4371155,500,ложь
395,"04515194","045","15194","05-045-15194",10844,QB ENERGY OPERATING LLC,17-1 (PA17),TONDER,17-1 (PA17) TONDER,ACTUAL,2008/01/23,5733,6835,6803,67350,PARACHUTE,293984,WELL,SI,GW,2025/06/01,ACTUAL LatLong,334758,TONDER-67S95W 17NENE,268,N,212,E,NENE,"17",7S,95W,"6",39.44427,-108.01251,240757,4370412,500,ложь
397,"04522859","045","22859","05-045-22859",10844,QB ENERGY OPERATING LLC,23C-1,Puckett,23C-1 Puckett,ACTUAL,2015/10/24,8344,8940,8812,31290,GRAND VALLEY,441652,WELL,PR,GW,2016/12/11,ACTUAL LatLong,441653,Mesa E1-797,2123,N,1327,W,SENW,"1",7S,97W,"6",39.475983,-108.1733,227042,4374407,500,ложь
402,"04508164","045","08164","05-045-08164",96850,TEP ROCKY MOUNTAIN LLC,34-28,PA,34-28 PA,ACTUAL,2002/07/16,5415,7408,,67350,PARACHUTE,263953,WELL,PR,GW,2024/10/01,ACTUAL LatLong,335343,PA-66S95W 28SWSE,747,S,1616,E,SWSE,"28",6S,95W,"6",39.490382,-107.999533,242045,4375493,500,ложь
407,"04516939","045","16939","05-045-16939",16700,CHEVRON USA INC,598-36-BV-20,SKR,598-36-BV-20 SKR,ACTUAL,2009/03/02,6035,6540,6046,77548,SKINNER RIDGE,297739,WELL,PR,GW,2023/11/01,ACTUAL LatLong,336048,SKR-65S98W 36NWSW,1341,S,508,W,NWSW,"36",5S,98W,"6",39.566589,-108.346538,212512,4385006,500,ложь
410,"04518882","045","18882","05-045-18882",96850,TEP ROCKY MOUNTAIN LLC,44A-29-691,GGU FED,44A-29-691 GGU FED,ACTUAL,2010/03/23,6350,7775,7621,52500,MAMM CREEK,414757,WELL,PR,GW,2018/09/01,ACTUAL LatLong,414794,GGU FED (MDP PAD 2) 11A-33-691,409,N,258,W,NWNW,"33",6S,91W,"6",39.490648,-107.567381,279215,4374374,500,ложь
412,"04515423","045","15423","05-045-15423",16700,CHEVRON USA INC,"14",SKINNER RIDGE 598-25-BV,14 SKINNER RIDGE 598-25-BV,ACTUAL,2008/04/19,6393,6630,6181,77548,SKINNER RIDGE,53,WELL,PR,GW,2018/03/01,ACTUAL LatLong,336046,SKR-65S98W 25SENW,1816,N,2069,W,SENW,"25",5S,98W,"6",39.58689,-108.34102,213070,4387242,500,ложь
417,"04523851","045","23851","05-045-23851",10844,QB ENERGY OPERATING LLC,11C-14 596,NPR H15,11C-14 596 NPR H15,ACTUAL,2018/11/24,6428,10039,9411,31290,GRAND VALLEY,454261,WELL,PA,GW,2021/01/02,ACTUAL LatLong,425805,NPR H15-596,2095,N,168,E,SENE,"15",5S,96W,"6",39.616581,-108.146676,229879,4389935,500,ложь
418,"04515259","045","15259","05-045-15259",16700,CHEVRON USA INC,598-25-AV-17,SKR,598-25-AV-17 SKR,ACTUAL,2008/05/16,6470,6333,5945,77548,SKINNER RIDGE,294117,WELL,PR,GW,2023/06/01,ACTUAL LatLong,336047,SKINNER RIDGE-65S98W 25NENW,584,N,1863,W,NENW,"25",5S,98W,"6",39.59028,-108.34175,213021,4387621,500,ложь
419,"04524256","045","24256","05-045-24256",10433,LARAMIE ENERGY LLC,"0697-10-01E",CC,"0697-10-01E CC",ACTUAL,2022/09/20,8592,9938,9579,31290,GRAND VALLEY,461992,WELL,PR,GW,2023/07/01,ACTUAL LatLong,383264,Cascade Creek (CC) 0610-21-41,119,N,2458,W,NENW,"10",6S,97W,"6",39.544355,-108.206754,224434,4382100,500,ложь
420,"04507258","045","07258","05-045-07258",10844,QB ENERGY OPERATING LLC,15-14,CLEM,15-14 CLEM,ACTUAL,1998/02/02,6493,8552,0,67350,PARACHUTE,211498,WELL,SI,GW,2025/04/01,ACTUAL LatLong,324017,CLEM-67S95W 15NENE,562,N,524,E,NENE,"15",7S,95W,"6",39.44347,-107.97632,243869,4370219,500,ложь
423,"04516943","045","16943","05-045-16943",16700,CHEVRON USA INC,598-36-BV-12,SKR,598-36-BV-12 SKR,ACTUAL,2009/03/05,6035,6445,6055,77548,SKINNER RIDGE,297743,WELL,PR,GW,2023/11/01,ACTUAL LatLong,336048,SKR-65S98W 36NWSW,1369,S,497,W,NWSW,"36",5S,98W,"6",39.566665,-108.346577,212509,4385014,500,ложь
427,"04511796","045","11796","05-045-11796",10844,QB ENERGY OPERATING LLC,1-11B,NOCKS,1-11B NOCKS,ACTUAL,2006/03/29,5798,6500,6461,67350,PARACHUTE,282692,WELL,SI,GW,2025/05/01,ACTUAL LatLong,334082,NOCKS-68S96W 1NWNW,614,N,1175,W,NWNW,"1",8S,96W,"6",39.384967,-108.063319,236160,4363976,500,ложь
429,"04521892","045","21892","05-045-21892",10844,QB ENERGY OPERATING LLC,24A-27-496,SG,24A-27-496 SG,ACTUAL,2019/09/29,8106,12047,11637,31290,GRAND VALLEY,431765,WELL,PR,GW,2023/07/01,ACTUAL LatLong,335939,SG L27 496,1870,S,1104,W,NWSW,"27",4S,96W,"6",39.671196,-108.16021,228930,4396039,500,ложь
432,"04511103","045","11103","05-045-11103",96850,TEP ROCKY MOUNTAIN LLC,RWF 541-21,CLOUGH,RWF 541-21 CLOUGH,ACTUAL,2008/02/25,5453,8244,8109,75400,RULISON,279908,WELL,PR,GW,2023/04/01,ACTUAL LatLong,335160,CLOUGH-66S94W 16SWSE,418,S,1698,E,SWSE,"16",6S,94W,"6",39.519317,-107.890072,251563,4378397,500,ложь
433,"04523432","045","23432","05-045-23432",96850,TEP ROCKY MOUNTAIN LLC,SR 541-12,Youberg,SR 541-12 Youberg,ACTUAL,2017/09/27,7254,9552,9294,75400,RULISON,448497,WELL,PR,GW,2017/12/30,ACTUAL LatLong,324061,YOUBERG RU 32-12,1931,N,2104,E,SWNE,"12",7S,94W,"6",39.455308,-107.833847,256173,4371138,500,ложь
435,"04510850","045","10850","05-045-10850",96850,TEP ROCKY MOUNTAIN LLC,B3,ISLAND PARK,B3 ISLAND PARK,ACTUAL,2005/08/11,5376,8530,8478,52500,MAMM CREEK,278180,WELL,PR,GW,2025/03/01,ACTUAL LatLong,336025,ISLAND PARK-66S92W 7NESE,2572,S,225,E,NESE,"7",6S,92W,"6",39.540881,-107.700956,267894,4380286,500,ложь
437,"04523918","045","23918","05-045-23918",96850,TEP ROCKY MOUNTAIN LLC,NR 323-3,CLOUGH,NR 323-3 CLOUGH,ACTUAL,2018/09/27,6719,9951,9918,75400,RULISON,454651,WELL,PR,GW,2019/01/15,ACTUAL LatLong,422211,Clough NR 23-3,1835,S,1774,W,NESW,"3",6S,94W,"6",39.552571,-107.877243,252784,4382053,500,ложь
438,"04524283","045","24283","05-045-24283",96850,TEP ROCKY MOUNTAIN LLC,RWF 324-1,FEDERAL,RWF 324-1 FEDERAL,ACTUAL,2020/01/22,5467,9759,8934,75400,RULISON,468716,WELL,PR,GW,2020/06/10,ACTUAL LatLong,324362,FEDERAL RWF 12-12,2001,N,1268,W,LOT 5,"12",6S,94W,"6",39.542063,-107.841595,255811,4380790,500,ложь
440,"04515613","045","15613","05-045-15613",96850,TEP ROCKY MOUNTAIN LLC,43-1-696,AP,43-1-696 AP,ACTUAL,2008/05/07,8427,11620,11409,67350,PARACHUTE,294851,WELL,SI,GW,2025/06/01,ACTUAL LatLong,335920,AP-66S96W 1NWSE,1575,S,2388,E,NWSE,"1",6S,96W,"6",39.549022,-108.05708,237316,4382170,500,ложь
441,"04520047","045","20047","05-045-20047",96850,TEP ROCKY MOUNTAIN LLC,RWF 431-23,Mead,RWF 431-23 Mead,ACTUAL,2014/10/28,5604,8978,8385,75400,RULISON,419873,WELL,PR,GW,2025/03/01,ACTUAL LatLong,419862,Mead RWF 43-23,2302,S,264,E,NESE,"23",6S,94W,"6",39.510038,-107.847132,255222,4377250,500,ложь
443,"04507991","045","07991","05-045-07991",96850,TEP ROCKY MOUNTAIN LLC,GM 256-2,AMERICAN SODA,GM 256-2 AMERICAN SODA,ACTUAL,2002/02/03,5229,6262,,31290,GRAND VALLEY,261854,WELL,PA,GW,2017/05/09,ACTUAL LatLong,324181,AMERICAN SODA-67S96W 2SENW,1600,N,1500,W,SENW,"2",7S,96W,"6",39.468968,-108.079917,235049,4373350,500,ложь
446,"04515406","045","15406","05-045-15406",96850,TEP ROCKY MOUNTAIN LLC,SG 513-26,SPECIALTY RESTAURANTS,SG 513-26 SPECIALTY RESTAURANTS,ACTUAL,2008/05/28,5034,5119,5050,31290,GRAND VALLEY,294369,WELL,PR,GW,2020/12/01,ACTUAL LatLong,334393,SPECIALTY RESTAURANTS-67S96W 26NWSW,1554,S,150,W,NWSW,"26",7S,96W,"6",39.405597,-108.086257,234263,4366333,500,ложь
451,"04513971","045","13971","05-045-13971",10844,QB ENERGY OPERATING LLC,32D-7D,CHEVRON,32D-7D CHEVRON,ACTUAL,2008/01/06,6252,7928,7848,31290,GRAND VALLEY,290075,WELL,PR,GW,2019/04/01,ACTUAL LatLong,335881,CHEVRON-66S96W 7SWNW,2302,N,2582,W,SENW,"7",6S,96W,"6",39.53828,-108.15031,229262,4381254,500,ложь
455,"04524505","045","24505","05-045-24505",10433,LARAMIE ENERGY LLC,"0697-09-03E",CC,"0697-09-03E CC",ACTUAL,2022/11/28,8592,9982,9342,31290,GRAND VALLEY,481966,WELL,PR,OW,2025/11/04,ACTUAL LatLong,383264,Cascade Creek (CC) 0610-21-41,131,N,2379,W,NENW,"10",6S,97W,"6",39.544325,-108.207038,224410,4382097,500,ложь
462,"04524002","045","24002","05-045-24002",10456,CAERUS PICEANCE LLC,24B-3-596,NPR,24B-3-596 NPR,ACTUAL,2019/01/30,8330,11665,11389,31290,GRAND VALLEY,455835,WELL,PA,GW,2021/10/29,ACTUAL LatLong,335720,NPR A03-596,1403,N,538,E,SENE,"3",5S,96W,"6",39.647439,-108.147983,229887,4393365,500,ложь
467,"04515695","045","15695","05-045-15695",96850,TEP ROCKY MOUNTAIN LLC,RWF 434-29,SAVAGE,RWF 434-29 SAVAGE,ACTUAL,2008/07/30,5288,7975,7626,75400,RULISON,295184,WELL,PR,GW,2025/01/01,ACTUAL LatLong,335243,SAVAGE RMV 129-29,1986,S,670,E,NESE,"29",6S,94W,"6",39.494487,-107.904645,250221,4375681,500,ложь
468,"04518701","045","18701","05-045-18701",10844,QB ENERGY OPERATING LLC,MF12B-16 H17 69,N. PARACHUTE,MF12B-16 H17 69 N. PARACHUTE,ACTUAL,2011/02/13,5654,7690,7258,31290,GRAND VALLEY,412962,WELL,SI,GW,2025/05/01,ACTUAL LatLong,335825,N. Parachute MF H17 696,1580,N,302,E,SENE,"17",6S,96W,"6",39.527326,-108.123609,231515,4379958,500,ложь
481,"04524383","045","24383","05-045-24383",10844,QB ENERGY OPERATING LLC,25C-22-496,BJU M23A FED,25C-22-496 BJU M23A FED,ACTUAL,2023/12/26,8110,12215,11874,31290,GRAND VALLEY,478265,WELL,PR,OW,2025/01/29,ACTUAL LatLong,478266,BJU M23A-496 Pad,1260,S,1281,W,SWSW,"23",4S,96W,"6",39.684025,-108.140858,230640,4397405,500,ложь
493,"04524266","045","24266","05-045-24266",10433,LARAMIE ENERGY LLC,"0697-10-04E",CC,"0697-10-04E CC",ACTUAL,2022/08/21,8592,10554,10140,31290,GRAND VALLEY,462002,WELL,PR,GW,2023/08/29,ACTUAL LatLong,383264,Cascade Creek (CC) 0610-21-41,119,N,2488,W,NENW,"10",6S,97W,"6",39.544356,-108.206648,224443,4382099,500,ложь
494,"04523741","045","23741","05-045-23741",96850,TEP ROCKY MOUNTAIN LLC,RU 14-17,FEDERAL,RU 14-17 FEDERAL,ACTUAL,2018/04/26,8366,10736,10388,75400,RULISON,452567,WELL,PR,GW,2018/07/26,ACTUAL LatLong,452566,FEDERAL RU 23-17,1836,S,2468,W,NESW,"17",7S,93W,"6",39.443421,-107.797498,259260,4369721,500,ложь
495,"04524185","045","24185","05-045-24185",10844,QB ENERGY OPERATING LLC,21B-23-496,Fed,21B-23-496 Fed,ACTUAL,2019/11/07,8130,12735,12379,31290,GRAND VALLEY,458481,WELL,PR,GW,2020/11/01,ACTUAL LatLong,458475,ELU A24-496 Pad,481,N,124,W,Lot 4,"24",4S,96W,"6",39.693839,-108.126008,231952,4398450,500,ложь
498,"04523394","045","23394","05-045-23394",10844,QB ENERGY OPERATING LLC,25B-23 697,Puckett,25B-23 697 Puckett,ACTUAL,2017/07/06,8437,8990,8969,31290,GRAND VALLEY,448448,WELL,PR,GW,2018/04/24,ACTUAL LatLong,448427,Mesa N23-697,647,S,2497,W,SESW,"23",6S,97W,"6",39.503017,-108.187892,225893,4377453,500,ложь
499,"04506011","045","06011","05-045-06011",10770,VISION ENERGY LLC,14-1,CALF CANYON,14-1 CALF CANYON,ACTUAL,1970/08/07,6261,6383,,9670,CALF CANYON,210255,WELL,SI,GW,2022/01/01,ACTUAL LatLong,322313,CALF CANYON-66S102W 14SWNW,1680,N,660,W,SWNW,"14",6S,102W,"6",39.541591,-108.741367,178469,4383569,500,ложь
500,"04510897","045","10897","05-045-10897",10844,QB ENERGY OPERATING LLC,6-43D,CHEVRON,6-43D CHEVRON,ACTUAL,2005/10/09,5970,8625,7909,31290,GRAND VALLEY,278556,WELL,PR,GW,2024/05/01,ACTUAL LatLong,335820,CHEVRON H07A 696,1607,N,73,E,SENE,"7",6S,96W,"6",39.540228,-108.140509,230112,4381440,500,ложь
501,"04522523","045","22523","05-045-22523",96850,TEP ROCKY MOUNTAIN LLC,344-7,Youberg RU,344-7 Youberg RU,ACTUAL,2015/03/25,7917,9990,9961,75400,RULISON,439179,WELL,PR,GW,2025/01/01,ACTUAL LatLong,439173,Youberg RU 44-7,1141,S,1183,E,SESE,"7",7S,93W,"6",39.45482,-107.810806,258154,4371022,500,ложь
504,"04520022","045","20022","05-045-20022",10844,QB ENERGY OPERATING LLC,23-6C1 (A22W),ROSE RANCH,23-6C1 (A22W) ROSE RANCH,ACTUAL,2010/11/27,6790,9440,8809,52500,MAMM CREEK,419769,WELL,PR,GW,2024/08/01,ACTUAL LatLong,334755,ROSE RANCH 23-4D (A22W),769,N,440,E,NENE,"22",7S,93W,"6",39.436329,-107.752868,263078,4368815,500,ложь
507,"04510416","045","10416","05-045-10416",10456,CAERUS PICEANCE LLC,36-2BB (PA36),DAY BREAK,36-2BB (PA36) DAY BREAK,ACTUAL,2005/11/28,6162,6580,6300,67350,PARACHUTE,276068,WELL,PA,GW,2021/09/24,ACTUAL LatLong,334089,DAYBREAK-67S96W 36NENE,500,N,514,E,NENE,"36",7S,96W,"6",39.40012,-108.05038,237332,4365620,500,ложь
514,"04523788","045","23788","05-045-23788",96850,TEP ROCKY MOUNTAIN LLC,PA 333-24,FEDERAL,PA 333-24 FEDERAL,ACTUAL,2018/10/23,5732,9061,8492,67350,PARACHUTE,452689,WELL,PR,GW,2018/12/17,ACTUAL LatLong,335434,FEDERAL RWF 13-19,1415,S,378,W,Lot 14,"19",6S,94W,"6",39.507056,-107.936895,247493,4377167,500,ложь
517,"04522623","045","22623","05-045-22623",10844,QB ENERGY OPERATING LLC,"41D-2",Puckett,41D-2 Puckett,ACTUAL,2015/05/17,8477,8962,8871,31290,GRAND VALLEY,439873,WELL,PR,GW,2021/01/01,ACTUAL LatLong,439917,Mesa H2-797,2175,N,661,E,"66","2",7S,97W,"6",39.475808,-108.180336,226436,4374409,500,ложь
519,"04523317","045","23317","05-045-23317",96850,TEP ROCKY MOUNTAIN LLC,21D-18-07-95,BMC D,21D-18-07-95 BMC D,ACTUAL,2017/04/30,5268,6315,6278,99999,WILDCAT,447705,WELL,PR,GW,2018/07/17,ACTUAL LatLong,446582,BMC D PAD,1218,N,2380,W,NENW,"18",7S,95W,"6",39.441629,-108.040507,238338,4370199,500,ложь
523,"04511276","045","11276","05-045-11276",96850,TEP ROCKY MOUNTAIN LLC,A1,LUNDGREN,A1 LUNDGREN,ACTUAL,2005/10/29,5811,9397,9279,52500,MAMM CREEK,280525,WELL,PA,GW,2022/09/26,ACTUAL LatLong,324342,LUNDGREN-65S92W 32NWSE,2198,S,2299,E,NWSE,"32",5S,92W,"6",39.569901,-107.740679,264578,4383610,500,ложь
524,"04515277","045","15277","05-045-15277",16700,CHEVRON USA INC,598-25-BV-01,SKR,598-25-BV-01 SKR,ACTUAL,2008/03/15,6393,6545,6244,77548,SKINNER RIDGE,294150,WELL,PR,GW,2024/04/01,ACTUAL LatLong,336046,SKR-65S98W 25SENW,1859,N,2088,W,SENW,"25",5S,98W,"6",39.58677,-108.34096,213074,4387229,500,ложь
530,"04521926","045","21926","05-045-21926",10844,QB ENERGY OPERATING LLC,8506E-34 E34496,SG,8506E-34 E34496 SG,ACTUAL,2013/09/13,8324,12582,11666,31290,GRAND VALLEY,431971,WELL,PR,GW,2020/12/01,ACTUAL LatLong,335928,SG E34 496,2237,N,1000,W,SWNW,"34",4S,96W,"6",39.659925,-108.16058,228855,4394789,500,ложь
533,"04523900","045","23900","05-045-23900",96850,TEP ROCKY MOUNTAIN LLC,NR 411-3,CLOUGH,NR 411-3 CLOUGH,ACTUAL,2018/07/23,6719,10820,10021,75400,RULISON,454633,WELL,PR,GW,2018/11/14,ACTUAL LatLong,422211,Clough NR 23-3,1858,S,1743,W,NESW,"3",6S,94W,"6",39.552635,-107.877353,252775,4382061,500,ложь
534,"04522654","045","22654","05-045-22654",96850,TEP ROCKY MOUNTAIN LLC,922-32D,WPX SG,922-32D WPX SG,ACTUAL,2015/01/09,5166,5576,5575,31290,GRAND VALLEY,439927,WELL,IJ,DSP,2025/08/01,ACTUAL LatLong,334401,SG 22-32,2401,N,2198,W,SENW,"32",7S,96W,"6",39.393606,-108.13484,230033,4365147,500,ложь
535,"04511122","045","11122","05-045-11122",96850,TEP ROCKY MOUNTAIN LLC,21B-07-07-91,CSF,21B-07-07-91 CSF,ACTUAL,2005/10/17,6836,7467,7089,52500,MAMM CREEK,279974,WELL,PR,GW,2023/11/01,ACTUAL LatLong,335055,CSF-67S91W 7SENW,2125,N,1939,W,SENW,"7",7S,91W,"6",39.46322,-107.59839,276460,4371406,500,ложь
540,"04515076","045","15076","05-045-15076",96850,TEP ROCKY MOUNTAIN LLC,34D-30-691,GGU VANORDSTRAND,34D-30-691 GGU VANORDSTRAND,ACTUAL,2008/02/24,5853,7400,7170,52500,MAMM CREEK,293632,WELL,PR,GW,2017/06/01,ACTUAL LatLong,335467,GGU VAN ORDSTRAND-66S91W 30NESW,2162,S,2618,W,NESW,"30",6S,91W,"6",39.497264,-107.596688,276716,4375180,500,ложь
542,"04524350","045","24350","05-045-24350",96850,TEP ROCKY MOUNTAIN LLC,GM 443-19,CHEVRON,GM 443-19 CHEVRON,ACTUAL,2020/12/12,5748,7688,6868,31290,GRAND VALLEY,476776,WELL,PR,GW,2021/05/13,ACTUAL LatLong,335426,CHEVRON GM 12-20,1931,N,688,W,SWNW,"20",6S,96W,"6",39.511759,-108.139429,230094,4378277,500,ложь
545,"04513743","045","13743","05-045-13743",96850,TEP ROCKY MOUNTAIN LLC,GM 422-29,CHEVRON,GM 422-29 CHEVRON,ACTUAL,2021/10/26,5849,7401,6900,31290,GRAND VALLEY,289403,WELL,PR,GW,2022/02/08,ACTUAL LatLong,335260,Chevron GR 12-29,1551,N,844,W,LOT 3,"29",6S,96W,"6",39.498135,-108.138835,230093,4376763,500,ложь
546,"04507483","045","07483","05-045-07483",10844,QB ENERGY OPERATING LLC,18-16(I18),HMU FEDERAL,18-16(I18) HMU FEDERAL,ACTUAL,2000/05/28,6157,6182,5885,52500,MAMM CREEK,256692,WELL,PR,GW,2021/06/01,ACTUAL LatLong,334866,GENTRY-67S92W 18NESE,2212,S,898,E,NESE,"18",7S,92W,"6",39.44522,-107.70258,267436,4369671,500,ложь
549,"04512934","045","12934","05-045-12934",10456,CAERUS PICEANCE LLC,22B-24D,PUCKETT,22B-24D PUCKETT,ACTUAL,2008/03/14,8308,9223,9166,31290,GRAND VALLEY,287237,WELL,PA,DSP,2020/12/21,ACTUAL LatLong,335455,PUCKETT-66S97W 24SWNW,2174,N,1232,W,SWNW,"24",6S,97W,"6",39.50975,-108.17372,227138,4378157,500,ложь
554,"04521899","045","21899","05-045-21899",10844,QB ENERGY OPERATING LLC,8514D-34 E34496,SG,8514D-34 E34496 SG,ACTUAL,2013/10/21,8324,12095,11399,31290,GRAND VALLEY,431942,WELL,PR,GW,2019/09/01,ACTUAL LatLong,335928,SG E34 496,2340,N,986,W,SWNW,"34",4S,96W,"6",39.659642,-108.160629,228849,4394758,500,ложь
560,"04523447","045","23447","05-045-23447",96850,TEP ROCKY MOUNTAIN LLC,SR 522-12,WARE,SR 522-12 WARE,ACTUAL,2017/10/16,7479,9634,9528,75400,RULISON,449399,WELL,PR,GW,2018/01/22,ACTUAL LatLong,449385,WARE SR 23-12,1822,S,2294,W,NESW,"12",7S,94W,"6",39.451207,-107.836687,255915,4370691,500,ложь
561,"04522414","045","22414","05-045-22414",96850,TEP ROCKY MOUNTAIN LLC,44B-09-07-91,CSF,44B-09-07-91 CSF,ACTUAL,2014/06/24,6807,7720,7090,52500,MAMM CREEK,437130,WELL,PR,GW,2023/10/01,ACTUAL LatLong,418828,Castle Springs Federal E Pad,1456,S,2515,W,NESW,"9",7S,91W,"6",39.458558,-107.558838,279849,4370791,500,ложь
569,"04517659","045","17659","05-045-17659",10844,QB ENERGY OPERATING LLC,"14",696-5A,14 696-5A,ACTUAL,2009/04/09,8088,11100,10493,31290,GRAND VALLEY,299350,WELL,PR,GW,2023/02/01,ACTUAL LatLong,335922,596-35D-65S96W 35SESE,1257,S,1166,E,SESE,"35",5S,96W,"6",39.56786,-108.13148,230995,4384481,500,ложь
570,"04512333","045","12333","05-045-12333",10844,QB ENERGY OPERATING LLC,WF 14C K25 596,N.PARACHUTE,WF 14C K25 596 N.PARACHUTE,ACTUAL,2007/06/25,5915,9090,8906,31290,GRAND VALLEY,284983,WELL,PR,GW,2025/05/01,ACTUAL LatLong,311649,N.PARACHUTE-65S96W 25NESW,1897,S,2394,W,NESW,"25",5S,96W,"6",39.584115,-108.118878,232140,4386248,500,ложь
572,"04519137","045","19137","05-045-19137",10844,QB ENERGY OPERATING LLC,8510AX-25 F25,STORY GULCH UNIT,8510AX-25 F25 STORY GULCH UNIT,ACTUAL,2010/04/20,8298,12460,12384,31290,GRAND VALLEY,415691,WELL,PR,GW,2024/08/01,ACTUAL LatLong,415182,Story Gulch Unit 8506D-25 F25496,2308,N,1894,W,SENW,"25",4S,96W,"6",39.67423,-108.119809,232408,4396255,500,ложь
573,"04524136","045","24136","05-045-24136",96850,TEP ROCKY MOUNTAIN LLC,SG 511-22,FEDERAL,SG 511-22 FEDERAL,ACTUAL,2019/02/28,6091,6105,6080,31290,GRAND VALLEY,457537,WELL,PR,GW,2019/05/02,ACTUAL LatLong,457543,FEDERAL SG 11-22,946,N,475,W,NWNW,"22",7S,96W,"6",39.427722,-108.10401,232819,4368842,500,ложь
578,"04514276","045","14276","05-045-14276",10844,QB ENERGY OPERATING LLC,12A-7D,CHEVRON,12A-7D CHEVRON,ACTUAL,2010/04/13,6362,8218,7868,31290,GRAND VALLEY,291060,WELL,PR,GW,2019/03/01,ACTUAL LatLong,335798,CHEVRON-66S96W 7NWSW,2208,S,1042,W,NWSW,"7",6S,96W,"6",39.53617,-108.15578,228784,4381036,500,ложь
584,"04517046","045","17046","05-045-17046",10844,QB ENERGY OPERATING LLC,15-3(PB-15),CLEM JR.,15-3(PB-15) CLEM JR.,ACTUAL,2009/01/14,6415,7917,7789,67350,PARACHUTE,298056,WELL,PR,GW,2024/12/01,ACTUAL LatLong,334653,CLEM JR.-67S95W 15NWNE,805,N,2237,E,NWNE,"15",7S,95W,"6",39.4428,-107.98237,243346,4370162,500,ложь
586,"04516933","045","16933","05-045-16933",16700,CHEVRON USA INC,598-36-BV-19,SKR,598-36-BV-19 SKR,ACTUAL,2009/01/01,6035,6070,6041,77548,SKINNER RIDGE,297732,WELL,PA,GW,2024/10/03,ACTUAL LatLong,336048,SKR-65S98W 36NWSW,1338,S,498,W,NWSW,"36",5S,98W,"6",39.566579,-108.34657,212509,4385005,500,ложь
591,"04510089","045","10089","05-045-10089",96850,TEP ROCKY MOUNTAIN LLC,RWF 22-18,FEDERAL,RWF 22-18 FEDERAL,ACTUAL,2004/07/25,6042,8760,8740,75400,RULISON,272507,WELL,PR,GW,2021/09/01,ACTUAL LatLong,335810,FEDERAL-66S94W 18SENW,1865,N,1884,W,SENW,"18",6S,94W,"6",39.527054,-107.931594,248021,4379372,500,ложь
592,"04522787","045","22787","05-045-22787",96850,TEP ROCKY MOUNTAIN LLC,14-5,Federal RU,14-5 Federal RU,ACTUAL,2015/11/26,7738,10239,10013,75400,RULISON,159708,WELL,PR,GW,2016/05/12,ACTUAL LatLong,159692,RU 21-8,643,N,1888,W,NENW,"8",7S,93W,"6",39.465445,-107.800935,259041,4372175,500,ложь
601,"04515653","045","15653","05-045-15653",10844,QB ENERGY OPERATING LLC,15-12 (PI-16),FEDERAL,15-12 (PI-16) FEDERAL,ACTUAL,2008/07/03,6187,7698,7450,67350,PARACHUTE,295106,WELL,PR,GW,2023/12/01,ACTUAL LatLong,335041,FEDERAL HAGEN-67S95W 16NESE,2361,S,797,E,NESE,"16",7S,95W,"6",39.43689,-107.996,242151,4369545,500,ложь
602,"04524392","045","24392","05-045-24392",96850,TEP ROCKY MOUNTAIN LLC,RWF 44-9,FEDERAL,RWF 44-9 FEDERAL,ACTUAL,2022/01/22,6369,9516,9342,75400,RULISON,478935,WELL,PR,GW,2022/06/13,ACTUAL LatLong,478568,FEDERAL RWF 43-9,2535,S,506,E,NESE,"9",6S,94W,"6",39.539396,-107.885245,252050,4380613,500,ложь
606,"04512322","045","12322","05-045-12322",10844,QB ENERGY OPERATING LLC,MF16C N04 696,N PARACHUTE,MF16C N04 696 N PARACHUTE,ACTUAL,2006/07/20,5864,8764,8363,31290,GRAND VALLEY,284960,WELL,PR,GW,2021/08/01,ACTUAL LatLong,335598,N PARACHUTE-66S96W 4NESW,1835,S,2408,W,NESW,"4",6S,96W,"6",39.551749,-108.112232,232587,4382635,500,ложь
607,"04512709","045","12709","05-045-12709",10844,QB ENERGY OPERATING LLC,EF01D D19A 595,N. PARACHUTE,EF01D D19A 595 N. PARACHUTE,ACTUAL,2007/03/14,6028,10850,9598,31290,GRAND VALLEY,286635,WELL,PR,GW,2020/12/01,ACTUAL LatLong,335905,N. PARACHUTE-65S95W 19NENW,422,N,1775,W,NENW,"19",5S,95W,"6",39.605398,-108.102264,233649,4388561,500,ложь
613,"04513532","045","13532","05-045-13532",96850,TEP ROCKY MOUNTAIN LLC,GM 431-20,CHEVRON,GM 431-20 CHEVRON,ACTUAL,2005/03/06,5549,6920,6838,31290,GRAND VALLEY,275427,WELL,PR,OW,2019/01/01,ACTUAL LatLong,335223,CHEVRON-66S96W 20NENE,821,N,1198,E,NENE,"20",6S,96W,"6",39.514832,-108.127487,231133,4378582,500,ложь
617,"04506288","045","06288","05-045-06288",10770,VISION ENERGY LLC,1-28DF,USA,1-28DF USA,ACTUAL,1980/09/30,6400,9137,9137,18870,DRY FORK,210532,WELL,PA,GW,2021/08/21,ACTUAL LatLong,322450,USA-67S99W 28SENW,1700,N,2500,W,SENW,"28",7S,99W,"6",39.41985,-108.447805,203186,4369044,500,ложь
618,"04520405","045","20405","05-045-20405",10844,QB ENERGY OPERATING LLC,16-8D (J16W),HMU Fee,16-8D (J16W) HMU Fee,ACTUAL,2012/01/02,7647,10717,10548,52500,MAMM CREEK,421568,WELL,PR,GW,2019/04/01,ACTUAL LatLong,334641,HMU Federal 16-9C (J16W),1719,S,1660,E,NWSE,"16",7S,93W,"6",39.44318,-107.775662,261139,4369636,500,ложь
620,"04515720","045","15720","05-045-15720",10844,QB ENERGY OPERATING LLC,"23",697-2A,23 697-2A,ACTUAL,2008/06/30,8243,9900,9786,31290,GRAND VALLEY,295328,WELL,PR,GW,2018/05/17,ACTUAL LatLong,335880,596-33C,193,S,1308,W,SWSW,"33",5S,96W,"6",39.56491,-108.17884,226914,4384296,500,ложь
623,"04523079","045","23079","05-045-23079",10844,QB ENERGY OPERATING LLC,8A-794-SWD,Savage,8A-794-SWD Savage,ACTUAL,2016/05/18,6466,6000,5989,75400,RULISON,445181,WELL,SI,DSP,2021/11/15,ACTUAL LatLong,413476,Savage 8A-794,532,N,1216,E,NENE,"8",7S,94W,"6",39.4584,-107.90635,249945,4371680,500,ложь
624,"04512963","045","12963","05-045-12963",10844,QB ENERGY OPERATING LLC,16-7 (PG16),SHORE,16-7 (PG16) SHORE,ACTUAL,2007/01/01,5999,7175,7103,67350,PARACHUTE,287313,WELL,PR,GW,2025/08/01,ACTUAL LatLong,334599,SHORE-67S95W 16SWNE,1516,N,2266,E,SWNE,"16",7S,95W,"6",39.44091,-108.00127,241712,4370006,500,ложь
627,"04522706","045","22706","05-045-22706",96850,TEP ROCKY MOUNTAIN LLC,14B-07-07-95,B&V,14B-07-07-95 B&V,ACTUAL,2017/02/21,5083,6386,6217,67350,PARACHUTE,440633,WELL,PR,GW,2017/05/25,ACTUAL LatLong,440634,B & V Pad,1897,S,508,W,NWSW,"7",7S,95W,"6",39.450211,-108.047262,237789,4371172,500,ложь
628,"04507685","045","07685","05-045-07685",96850,TEP ROCKY MOUNTAIN LLC,11-12,GM,11-12 GM,ACTUAL,2001/09/15,5141,6185,,31290,GRAND VALLEY,259106,WELL,PR,GW,2024/08/01,ACTUAL LatLong,334981,GM-67S96W 12NWNW,601,N,816,W,NWNW,"12",7S,96W,"6",39.458021,-108.065362,236260,4372092,500,ложь
629,"04507740","045","07740","05-045-07740",10844,QB ENERGY OPERATING LLC,30-42,S. PARACHUTE FEDERAL,30-42 S. PARACHUTE FEDERAL,ACTUAL,2003/12/26,6374,6810,,67350,PARACHUTE,259547,WELL,PR,GW,2021/12/01,ACTUAL LatLong,334060,FEDERAL-67S95W 30SESW,1146,S,2391,W,SESW,"30",7S,95W,"6",39.40446,-108.04013,238231,4366072,500,ложь
630,"04520104","045","20104","05-045-20104",10433,LARAMIE ENERGY LLC,697-08-58C,Cascade Creek,697-08-58C Cascade Creek,ACTUAL,2011/09/16,8379,9268,8747,31290,GRAND VALLEY,420170,WELL,PR,GW,2023/04/01,ACTUAL LatLong,335815,Cascade Creek 697-08-53,1337,S,2181,E,NWSE,"8",6S,97W,"6",39.53386,-108.24188,221373,4381043,500,ложь
631,"04513819","045","13819","05-045-13819",96850,TEP ROCKY MOUNTAIN LLC,B1,DIXON FED CA,B1 DIXON FED CA,ACTUAL,2011/07/10,5513,7667,7573,52500,MAMM CREEK,289580,WELL,PR,GW,2022/02/01,ACTUAL LatLong,311696,Dixon Federal B Pad,1586,S,743,W,NWSW,"15",6S,92W,"6",39.524129,-107.659832,271374,4378321,500,ложь
632,"04511815","045","11815","05-045-11815",10433,LARAMIE ENERGY LLC,697-29-20D,CASCADE CREEK,697-29-20D CASCADE CREEK,ACTUAL,2006/03/28,6163,6935,6713,31290,GRAND VALLEY,282708,WELL,PR,GW,2020/07/01,ACTUAL LatLong,335090,CC 0629-31-11 Pad,501,N,2187,E,NWNE,"29",6S,97W,"6",39.499881,-108.241891,221236,4377271,500,ложь
633,"04523372","045","23372","05-045-23372",10844,QB ENERGY OPERATING LLC,11A-26 697,Puckett,11A-26 697 Puckett,ACTUAL,2017/11/18,8437,9284,8901,31290,GRAND VALLEY,448425,WELL,PR,GW,2018/04/27,ACTUAL LatLong,448427,Mesa N23-697,662,S,2480,W,SESW,"23",6S,97W,"6",39.503056,-108.18795,225888,4377457,500,ложь
634,"04511812","045","11812","05-045-11812",10433,LARAMIE ENERGY LLC,697-29-46D,CASCADE CREEK,697-29-46D CASCADE CREEK,ACTUAL,2006/03/30,6066,6850,6510,31290,GRAND VALLEY,282711,WELL,PR,GW,2020/02/01,ACTUAL LatLong,335091,CC 0629-23-42 Pad,1692,S,2168,W,NESW,"29",6S,97W,"6",39.49142,-108.245177,220920,4376342,500,ложь
636,"04515795","045","15795","05-045-15795",96850,TEP ROCKY MOUNTAIN LLC,29-12B,FEDERAL,29-12B FEDERAL,ACTUAL,2008/10/14,6209,10048,9873,75400,RULISON,295575,WELL,PR,GW,2024/08/01,ACTUAL LatLong,335515,Federal 29-11 Pad,1868,S,2099,W,NESW,"29",6S,93W,"6",39.49492,-107.80065,259167,4375446,500,ложь
637,"04520353","045","20353","05-045-20353",96850,TEP ROCKY MOUNTAIN LLC,TR 42-21-597,Chevron,TR 42-21-597 Chevron,ACTUAL,2017/04/22,8577,9364,9099,83825,TRAIL RIDGE,421314,WELL,PR,GW,2017/10/13,ACTUAL LatLong,335603,Chevron TR 32-21-597,1319,N,2380,E,SWNE,"21",5S,97W,"6",39.602752,-108.28219,218187,4388817,500,ложь
639,"04521920","045","21920","05-045-21920",10844,QB ENERGY OPERATING LLC,8508E-33 E34496,SG,8508E-33 E34496 SG,ACTUAL,2013/09/13,8324,11576,11258,31290,GRAND VALLEY,431965,WELL,PA,GW,2021/10/29,ACTUAL LatLong,335928,SG E34 496,2228,N,993,W,SWNW,"34",4S,96W,"6",39.659949,-108.160605,228852,4394792,500,ложь
640,"04513741","045","13741","05-045-13741",96850,TEP ROCKY MOUNTAIN LLC,GM 442-30,CHEVRON,GM 442-30 CHEVRON,ACTUAL,2021/10/22,5849,7707,6795,31290,GRAND VALLEY,289405,WELL,PR,GW,2022/02/08,ACTUAL LatLong,335260,Chevron GR 12-29,1539,N,840,W,LOT 3,"29",6S,96W,"6",39.498167,-108.138849,230092,4376766,500,ложь
641,"04509128","045","09128","05-045-09128",10456,CAERUS PICEANCE LLC,12-6B (F12W),SCHAEFFER,12-6B (F12W) SCHAEFFER,ACTUAL,2003/09/04,6238,8030,0,52500,MAMM CREEK,266197,WELL,PA,GW,2022/09/16,ACTUAL LatLong,311608,SHAEFFER-67S93W 12SENW,1963,N,1848,W,SENW,"12",7S,93W,"6",39.46217,-107.72647,265437,4371615,500,ложь
643,"04510831","045","10831","05-045-10831",10844,QB ENERGY OPERATING LLC,33-11 (K33NW),GMR,33-11 (K33NW) GMR,ACTUAL,2009/08/07,6618,9060,9037,52500,MAMM CREEK,278070,WELL,PR,GW,2024/01/01,ACTUAL LatLong,334632,GMU 33-11A (K33NW),2483,S,1713,W,NESW,"33",6S,93W,"6",39.482323,-107.783176,260626,4374001,500,ложь
645,"04524401","045","24401","05-045-24401",96850,TEP ROCKY MOUNTAIN LLC,RWF 332-9,FEDERAL,RWF 332-9 FEDERAL,ACTUAL,2021/11/21,6369,9714,9453,75400,RULISON,478990,WELL,PR,GW,2022/05/04,ACTUAL LatLong,478568,FEDERAL RWF 43-9,2537,S,545,E,NESE,"9",6S,94W,"6",39.539401,-107.885383,252038,4380614,500,ложь
647,"04511734","045","11734","05-045-11734",10844,QB ENERGY OPERATING LLC,2C-4D,CHEVRON,2C-4D CHEVRON,ACTUAL,2006/03/30,5780,8485,8378,31290,GRAND VALLEY,282353,WELL,PA,GW,2023/08/22,ACTUAL LatLong,335577,CHEVRON-66S96W 4SWNW,2110,N,755,W,SWNW,"4",6S,96W,"6",39.55861,-108.11783,232132,4383413,500,ложь
651,"04509841","045","09841","05-045-09841",10844,QB ENERGY OPERATING LLC,27-4A(D27NW),GMR,27-4A(D27NW) GMR,ACTUAL,2004/05/23,6323,9145,8971,52500,MAMM CREEK,271098,WELL,PR,GW,2023/04/01,ACTUAL LatLong,335326,GMR-66S93W 27NWNW,780,N,241,W,NWNW,"27",6S,93W,"6",39.50233,-107.77024,261808,4376188,500,ложь
655,"04513700","045","13700","05-045-13700",10844,QB ENERGY OPERATING LLC,7-32C,FEDERAL,7-32C FEDERAL,ACTUAL,2007/06/29,6293,6750,6715,67350,PARACHUTE,289219,WELL,PR,GW,2022/12/01,ACTUAL LatLong,334157,FEDERAL-68S95W 7SWNE,2014,N,1634,E,SWNE,"7",8S,95W,"6",39.379535,-108.033175,238737,4363285,500,ложь
656,"04514056","045","14056","05-045-14056",10844,QB ENERGY OPERATING LLC,2-44B,HYRUP,2-44B HYRUP,ACTUAL,2008/01/23,5748,6476,6263,31290,GRAND VALLEY,290245,WELL,SI,GW,2025/05/01,ACTUAL LatLong,334103,HYRUP 2-34B,359,S,1661,E,SWSE,"2",8S,96W,"6",39.372957,-108.072992,235282,4362671,500,ложь
657,"04513937","045","13937","05-045-13937",96850,TEP ROCKY MOUNTAIN LLC,A5,ROBINSON,A5 ROBINSON,ACTUAL,2007/12/07,5377,8760,8713,52500,MAMM CREEK,289961,WELL,PR,GW,2025/06/01,ACTUAL LatLong,336015,ROBINSON-66S92W 8SWSW,740,S,204,W,SWSW,"8",6S,92W,"6",39.535872,-107.699356,268015,4379726,500,ложь
660,"04509256","045","09256","05-045-09256",10844,QB ENERGY OPERATING LLC,4-10 (K4B2),GMR,4-10 (K4B2) GMR,ACTUAL,2003/10/19,6884,8940,8871,52500,MAMM CREEK,268407,WELL,PR,GW,2023/03/01,ACTUAL LatLong,334605,GMR-67S93W 4NESW,2201,S,2489,W,NESW,"4",7S,93W,"6",39.47332,-107.78043,260832,4372994,500,ложь
665,"04514191","045","14191","05-045-14191",96850,TEP ROCKY MOUNTAIN LLC,E6,GENTRY,E6 GENTRY,ACTUAL,2007/07/06,5665,8848,8699,52500,MAMM CREEK,290735,WELL,PA,GW,2023/05/04,ACTUAL LatLong,335547,GENTRY-66S92W 17SESW,775,S,1638,W,SESW,"17",6S,92W,"6",39.521627,-107.694079,268421,4378131,500,ложь
667,"04514109","045","14109","05-045-14109",96850,TEP ROCKY MOUNTAIN LLC,D13,VALLEY FARMS,D13 VALLEY FARMS,ACTUAL,2007/05/01,5530,8785,8522,52500,MAMM CREEK,290434,WELL,PR,GW,2025/06/01,ACTUAL LatLong,335534,VALLEY FARMS-66S92W 15NENW,1105,N,2638,W,NENW,"15",6S,92W,"6",39.53113,-107.653154,271971,4379081,500,ложь
672,"04522824","045","22824","05-045-22824",96850,TEP ROCKY MOUNTAIN LLC,42A-18-07-95,YATER,42A-18-07-95 YATER,ACTUAL,2015/07/30,5513,7381,6609,67350,PARACHUTE,441263,WELL,PR,GW,2024/04/01,ACTUAL LatLong,159652,YATER PAD,1817,S,1128,W,NWSW,"17",7S,95W,"6",39.435434,-108.026404,239529,4369471,500,ложь
676,"04522615","045","22615","05-045-22615",10844,QB ENERGY OPERATING LLC,"13D-1",Puckett,13D-1 Puckett,ACTUAL,2016/01/08,8432,8930,8834,31290,GRAND VALLEY,439864,WELL,PR,GW,2016/06/01,ACTUAL LatLong,335017,Mesa P2-797,1100,S,313,E,SESE,"2",7S,97W,"6",39.470362,-108.179071,226523,4373801,500,ложь
678,"04509238","045","09238","05-045-09238",10844,QB ENERGY OPERATING LLC,3-15 (I3),HMU,3-15 (I3) HMU,ACTUAL,2003/06/23,6023,8544,8290,52500,MAMM CREEK,268005,WELL,PR,GW,2021/05/01,ACTUAL LatLong,334940,HMU-67S93W 3NESE,2034,S,1246,E,NESE,"3",7S,93W,"6",39.4728,-107.75621,262914,4372873,500,ложь
681,"04524312","045","24312","05-045-24312",96850,TEP ROCKY MOUNTAIN LLC,NR 414-4,FEDERAL,NR 414-4 FEDERAL,ACTUAL,2020/11/25,5980,10465,9037,75400,RULISON,475839,WELL,PR,GW,2024/02/12,ACTUAL LatLong,335636,FEDERAL RWF 12-9,2494,S,331,E,NESE,"8",6S,94W,"6",39.539308,-107.903787,250455,4380654,500,ложь
682,"04522258","045","22258","05-045-22258",96850,TEP ROCKY MOUNTAIN LLC,GM 521-13,C&C Energy,GM 521-13 C&C Energy,ACTUAL,2014/05/24,5141,6390,5970,31290,GRAND VALLEY,435443,WELL,PR,GW,2017/12/01,ACTUAL LatLong,334722,GM 24-12,274,S,1008,W,SWSW,"12",7S,96W,"6",39.445618,-108.064569,236282,4370712,500,ложь
690,"04524488","045","24488","05-045-24488",96850,TEP ROCKY MOUNTAIN LLC,WMC 33-20,FEDERAL,WMC 33-20 FEDERAL,ACTUAL,2022/10/28,8869,11611,10928,75400,RULISON,480789,WELL,PR,OW,2023/05/30,ACTUAL LatLong,480732,FEDERAL WMC 24-17,238,S,1812,W,SESW,"17",7S,93W,"6",39.439047,-107.799511,259072,4369241,500,ложь
695,"04509126","045","09126","05-045-09126",10456,CAERUS PICEANCE LLC,12-6A (F12),SHAEFFER,12-6A (F12) SHAEFFER,ACTUAL,2003/07/15,6237,7900,7791,52500,MAMM CREEK,266195,WELL,PA,GW,2022/09/16,ACTUAL LatLong,334607,SHAEFFER-67S93W 12SENW,1979,N,1906,W,SENW,"12",7S,93W,"6",39.46214,-107.72628,265453,4371611,500,ложь
696,"04524403","045","24403","05-045-24403",96850,TEP ROCKY MOUNTAIN LLC,RWF 432-9,FEDERAL,RWF 432-9 FEDERAL,ACTUAL,2022/02/17,6369,9602,9393,75400,RULISON,478992,WELL,PR,GW,2022/05/04,ACTUAL LatLong,478568,FEDERAL RWF 43-9,2527,S,543,E,NESE,"9",6S,94W,"6",39.539375,-107.885375,252038,4380611,500,ложь
698,"04518589","045","18589","05-045-18589",10844,QB ENERGY OPERATING LLC,32D-24D,PUCKETT,32D-24D PUCKETT,ACTUAL,2011/01/23,8257,9264,9195,31290,GRAND VALLEY,412766,WELL,SI,GW,2025/07/01,ACTUAL LatLong,413481,P8-32-24,1549,N,1789,E,SWNE,"24",6S,97W,"6",39.51142,-108.16578,227827,4378319,500,ложь
701,"04510178","045","10178","05-045-10178",96850,TEP ROCKY MOUNTAIN LLC,RWF 413-19,FEDERAL,RWF 413-19 FEDERAL,ACTUAL,2004/10/17,5730,8445,8385,75400,RULISON,272859,WELL,PR,GW,2021/07/01,ACTUAL LatLong,335434,FEDERAL RWF 13-19,1421,S,410,W,NWSW,"19",6S,94W,"6",39.507061,-107.936785,247502,4377167,500,ложь
705,"04521884","045","21884","05-045-21884",10844,QB ENERGY OPERATING LLC,15C-34-496,SG,15C-34-496 SG,ACTUAL,2019/06/08,8106,12040,11453,31290,GRAND VALLEY,431757,WELL,PR,GW,2019/11/01,ACTUAL LatLong,335939,SG L27 496,1792,S,1075,W,NWSW,"27",4S,96W,"6",39.670981,-108.160313,228921,4396016,500,ложь
715,"04515032","045","15032","05-045-15032",10844,QB ENERGY OPERATING LLC,CP11D-27 L27 49,SGU,CP11D-27 L27 49 SGU,ACTUAL,2008/06/27,8109,11576,11436,31290,GRAND VALLEY,293528,WELL,PR,GW,2024/08/01,ACTUAL LatLong,335939,SG L27 496,2058,S,1222,W,NWSW,"27",4S,96W,"6",39.671713,-108.159793,228968,4396095,500,ложь
717,"04522626","045","22626","05-045-22626",10844,QB ENERGY OPERATING LLC,42B-2,Puckett,42B-2 Puckett,ACTUAL,2015/04/28,8477,8917,8886,31290,GRAND VALLEY,439877,WELL,PR,GW,2023/06/01,ACTUAL LatLong,439917,Mesa H2-797,2197,N,651,E,"66","2",7S,97W,"6",39.475753,-108.180303,226439,4374403,500,ложь
719,"04506035","045","06035","05-045-06035",10539,UTAH GAS OP LTD DBA UTAH GAS CORP,2-16,BRINKERHOFF-FEDERAL,2-16 BRINKERHOFF-FEDERAL,ACTUAL,1973/03/31,7436,5560,5560,77750,SOUTH CANYON,210279,WELL,PA,GW,2021/08/30,ACTUAL LatLong,322326,BRINKERHOFF-FEDERAL-67S103W 16NWNE,333,N,1991,E,NWNE,"16",7S,103W,"6",39.459269,-108.880559,166109,4374936,500,ложь
721,"04507858","045","07858","05-045-07858",96850,TEP ROCKY MOUNTAIN LLC,22-31,FED. PA,22-31 FED. PA,ACTUAL,2001/11/20,6122,7645,7573,67350,PARACHUTE,260487,WELL,PR,GW,2024/10/01,ACTUAL LatLong,335171,FEDERAL-66S95W 31NENW,551,N,1747,W,NENW,"31",6S,95W,"6",39.486709,-108.042511,238334,4375210,500,ложь
722,"04524396","045","24396","05-045-24396",96850,TEP ROCKY MOUNTAIN LLC,RWF 543-9,FEDERAL,RWF 543-9 FEDERAL,ACTUAL,2021/12/31,6369,9498,9384,75400,RULISON,478939,WELL,PR,GW,2022/06/13,ACTUAL LatLong,478568,FEDERAL RWF 43-9,2544,S,508,E,NESE,"9",6S,94W,"6",39.539423,-107.885253,252049,4380616,500,ложь
729,"04509135","045","09135","05-045-09135",10844,QB ENERGY OPERATING LLC,35-3A (P26NWB),KELL,35-3A (P26NWB) KELL,ACTUAL,2003/03/15,5786,8288,8025,52500,MAMM CREEK,266252,WELL,SI,GW,2025/05/01,ACTUAL LatLong,335365,BENZEL-66S93W 26SESE,172,S,1205,E,SESE,"26",6S,93W,"6",39.49082,-107.73771,264566,4374824,500,ложь
732,"04523739","045","23739","05-045-23739",96850,TEP ROCKY MOUNTAIN LLC,RU 23-17,FEDERAL,RU 23-17 FEDERAL,ACTUAL,2018/03/11,8366,10425,10388,75400,RULISON,452564,WELL,PR,GW,2018/05/01,ACTUAL LatLong,452566,FEDERAL RU 23-17,1888,S,2440,W,NESW,"17",7S,93W,"6",39.443565,-107.797498,259261,4369737,500,ложь
734,"04509305","045","09305","05-045-09305",10844,QB ENERGY OPERATING LLC,11-13D,BENTLEY,11-13D BENTLEY,ACTUAL,2003/08/02,6260,8025,7905,67350,PARACHUTE,268858,WELL,PR,GW,2020/11/01,ACTUAL LatLong,334625,BENTLEY-67S95W 11SWNE,2066,N,1752,E,SWNE,"11",7S,95W,"6",39.45391,-107.96236,245109,4371339,500,ложь
738,"04520999","045","20999","05-045-20999",10433,LARAMIE ENERGY LLC,"0697-04-01W",CC Federal,"0697-04-01W CC Federal",ACTUAL,2019/04/13,8542,10303,9356,31290,GRAND VALLEY,424991,WELL,PR,GW,2019/06/27,ACTUAL LatLong,424970,CC 604-12-13 Annex,3107,S,198,W,Lot 16,"4",6S,97W,"6",39.553229,-108.233459,222174,4383167,500,ложь
740,"04506213","045","06213","05-045-06213",10770,VISION ENERGY LLC,26-3,FEDERAL,26-3 FEDERAL,ACTUAL,1979/08/11,7900,7466,,16900,DIVIDE CREEK,210457,WELL,SI,GW,2017/09/01,ACTUAL LatLong,322419,FEDERAL-67S91W 26NWSW,1430,S,613,W,NWSW,"26",7S,91W,"6",39.414978,-107.527483,282411,4365877,500,ложь
745,"04521123","045","21123","05-045-21123",96850,TEP ROCKY MOUNTAIN LLC,22C-23-692,Dixon Federal,22C-23-692 Dixon Federal,ACTUAL,2012/04/02,5969,822,,52500,MAMM CREEK,425921,WELL,PA,GW,2016/08/23,ACTUAL LatLong,425891,Dixon Federal Pad (SENW-23-692) 22A-23-692,1916,N,2470,W,SENW,"23",6S,92W,"6",39.514588,-107.634949,273482,4377199,500,ложь
746,"04512792","045","12792","05-045-12792",10844,QB ENERGY OPERATING LLC,2-31D,NOCKS,2-31D NOCKS,ACTUAL,2007/05/01,5725,6645,6239,31290,GRAND VALLEY,286829,WELL,PR,GW,2023/07/01,ACTUAL LatLong,334078,NOCKS-68S96W 2NENE,1159,N,631,E,NENE,"2",8S,96W,"6",39.383356,-108.069662,235608,4363816,500,ложь
750,"04513869","045","13869","05-045-13869",96850,TEP ROCKY MOUNTAIN LLC,B7,DIXON FED CA,B7 DIXON FED CA,ACTUAL,2011/07/15,5513,7520,7502,52500,MAMM CREEK,289763,WELL,PR,GW,2022/02/01,ACTUAL LatLong,311696,Dixon Federal B Pad,1576,S,782,W,NWSW,"15",6S,92W,"6",39.524104,-107.659695,271385,4378318,500,ложь
755,"04508113","045","08113","05-045-08113",10456,CAERUS PICEANCE LLC,32-5A2(D32NEB),COUEY,32-5A2(D32NEB) COUEY,ACTUAL,2002/04/29,5832,6759,6448,52500,MAMM CREEK,263219,WELL,PA,GW,2020/07/07,ACTUAL LatLong,335301,COUEY-66S92W 32NWNW,512,N,97,W,NWNW,"32",6S,92W,"6",39.48912,-107.6991,267881,4374535,500,ложь
756,"04519213","045","19213","05-045-19213",96850,TEP ROCKY MOUNTAIN LLC,22C-28-691,GGU FEDERAL,22C-28-691 GGU FEDERAL,ACTUAL,2010/05/11,6337,8445,8436,52500,MAMM CREEK,416038,WELL,PR,GW,2019/08/01,ACTUAL LatLong,415310,GGU FED (MDP PAD 9) 22B-28-691,1967,N,1876,W,SENW,"28",6S,91W,"6",39.500891,-107.561854,279723,4375497,500,ложь
757,"04510915","045","10915","05-045-10915",10844,QB ENERGY OPERATING LLC,31-2BB (PN30),FEDERAL,31-2BB (PN30) FEDERAL,ACTUAL,2005/09/27,6374,7055,6697,67350,PARACHUTE,278672,WELL,PR,GW,2021/12/01,ACTUAL LatLong,334060,FEDERAL-67S95W 30SESW,1199,S,2387,W,SESW,"30",7S,95W,"6",39.40461,-108.04015,238230,4366089,500,ложь
759,"04520413","045","20413","05-045-20413",10844,QB ENERGY OPERATING LLC,16-11D (J16W),HMU Federal,16-11D (J16W) HMU Federal,ACTUAL,2012/01/04,7646,9915,9815,52500,MAMM CREEK,421592,WELL,PR,GW,2020/10/01,ACTUAL LatLong,334641,HMU Federal 16-9C (J16W),1728,S,1666,E,NWSE,"16",7S,93W,"6",39.443207,-107.77569,261137,4369639,500,ложь
761,"04509544","045","09544","05-045-09544",10844,QB ENERGY OPERATING LLC,8008A (H28-498),FIGURE FOUR,8008A (H28-498) FIGURE FOUR,ACTUAL,2004/08/27,8376,9150,,80090,SULPHUR CREEK,270392,WELL,PR,GW,2023/09/01,ACTUAL LatLong,324261,FIGURE FOUR-64S98W 28SENE,1959,N,657,E,SENE,"28",4S,98W,"6",39.674148,-108.38874,209336,4397083,500,ложь
762,"04518885","045","18885","05-045-18885",96850,TEP ROCKY MOUNTAIN LLC,21C-33-691,GGU FED,21C-33-691 GGU FED,ACTUAL,2010/03/18,6350,7958,7607,52500,MAMM CREEK,414762,WELL,PR,GW,2022/06/01,ACTUAL LatLong,414794,GGU FED (MDP PAD 2) 11A-33-691,410,N,268,W,NWNW,"33",6S,91W,"6",39.490644,-107.567346,279218,4374373,500,ложь
764,"04524355","045","24355","05-045-24355",96850,TEP ROCKY MOUNTAIN LLC,GM 432-19,CHEVRON,GM 432-19 CHEVRON,ACTUAL,2020/12/14,5748,7706,6791,31290,GRAND VALLEY,476781,WELL,PR,GW,2021/05/13,ACTUAL LatLong,335426,CHEVRON GM 12-20,1920,N,652,W,SWNW,"20",6S,96W,"6",39.511787,-108.139556,230084,4378280,500,ложь
766,"04518312","045","18312","05-045-18312",96850,TEP ROCKY MOUNTAIN LLC,31B-28-692,SPECIALTY,31B-28-692 SPECIALTY,ACTUAL,2010/02/18,5791,8238,8174,52500,MAMM CREEK,301853,WELL,PR,GW,2016/03/01,ACTUAL LatLong,383333,SPECIALTY-66S92W 28NENE,1159,N,1349,E,NWNE,"28",6S,92W,"6",39.502032,-107.667048,270681,4375886,500,ложь
767,"04518715","045","18715","05-045-18715",96850,TEP ROCKY MOUNTAIN LLC,24B-17-07-95,BAT,24B-17-07-95 BAT,ACTUAL,2009/08/30,5563,6568,6515,67350,PARACHUTE,413088,WELL,PR,GW,2022/08/01,ACTUAL LatLong,413055,WATSON RANCH PAD 24B-17-07-95,913,S,1454,W,SESW,"17",7S,95W,"6",39.432958,-108.025211,239622,4369193,500,ложь
768,"04509332","045","09332","05-045-09332",10844,QB ENERGY OPERATING LLC,32-11D1 (J32),SHIDELER,32-11D1 (J32) SHIDELER,ACTUAL,2003/10/31,5721,6502,6406,52500,MAMM CREEK,269282,WELL,PR,GW,2020/12/01,ACTUAL LatLong,334822,BENNETT-66S92W 32NWSE,1565,S,2032,E,NWSE,"32",6S,92W,"6",39.48037,-107.68802,268805,4373536,500,ложь
774,"04514439","045","14439","05-045-14439",10844,QB ENERGY OPERATING LLC,7-23A,FEDERAL,7-23A FEDERAL,ACTUAL,2010/07/17,6503,6819,6728,67350,PARACHUTE,291544,WELL,SI,GW,2025/03/01,ACTUAL LatLong,334366,SGV PAD 7K,1981,S,3009,W,NESW,"7",8S,95W,"6",39.376056,-108.037711,238333,4362912,500,ложь
778,"04522478","045","22478","05-045-22478",96850,TEP ROCKY MOUNTAIN LLC,42A-08-07-95,TOMPKINS,42A-08-07-95 TOMPKINS,ACTUAL,2016/08/10,5528,7150,6826,67350,PARACHUTE,438306,WELL,PR,GW,2016/10/01,ACTUAL LatLong,438312,TOMPKINS PAD,200,S,560,E,SESE,"5",7S,95W,"6",39.459962,-108.013916,240695,4372158,500,ложь
780,"04513448","045","13448","05-045-13448",10844,QB ENERGY OPERATING LLC,17-3A (C17E),COUEY,17-3A (C17E) COUEY,ACTUAL,2005/03/08,6128,6427,6311,52500,MAMM CREEK,275017,WELL,PR,GW,2022/10/01,ACTUAL LatLong,334797,C17E,733,N,1503,W,NENW,"17",7S,92W,"6",39.45175,-107.69396,268199,4370374,500,ложь
782,"04515189","045","15189","05-045-15189",16700,CHEVRON USA INC,598-25-AV-08,SKR,598-25-AV-08 SKR,ACTUAL,2008/05/31,6470,6555,6296,77548,SKINNER RIDGE,293978,WELL,PR,GW,2020/09/01,ACTUAL LatLong,336047,SKINNER RIDGE-65S98W 25NENW,617,N,1885,W,NENW,"25",5S,98W,"6",39.59019,-108.34168,213026,4387611,500,ложь
783,"04512369","045","12369","05-045-12369",96850,TEP ROCKY MOUNTAIN LLC,NR 334-1,MOSS,NR 334-1 MOSS,ACTUAL,2006/06/30,5906,9495,9427,75400,RULISON,285089,WELL,PR,GW,2022/10/01,ACTUAL LatLong,324372,MOSS-66S94W 1SWSE,170,S,2444,E,SWSE,"1",6S,94W,"6",39.548022,-107.836063,256307,4381436,500,ложь
784,"04516230","045","16230","05-045-16230",10433,LARAMIE ENERGY LLC,697-16-11A,CASCADE CREEK,697-16-11A CASCADE CREEK,ACTUAL,2008/09/12,8279,8975,8664,31290,GRAND VALLEY,296936,WELL,PR,GW,2020/09/01,ACTUAL LatLong,335889,Cascade Creek 697-09-61,309,S,2260,E,SWSE,"9",6S,97W,"6",39.53107,-108.22348,222944,4380676,500,ложь
786,"04518556","045","18556","05-045-18556",10844,QB ENERGY OPERATING LLC,31A-8,Savage,31A-8 Savage,ACTUAL,2016/02/20,6466,8831,8789,75400,RULISON,412731,WELL,PR,GW,2016/09/01,ACTUAL LatLong,413476,Savage 8A-794,544,N,1214,E,NWNE,"8",7S,94W,"6",39.458366,-107.90634,249946,4371676,500,ложь
793,"04522677","045","22677","05-045-22677",96850,TEP ROCKY MOUNTAIN LLC,442-10,Federal GM,442-10 Federal GM,ACTUAL,2017/09/12,6148,7598,6914,31290,GRAND VALLEY,440604,WELL,PR,GW,2017/11/28,ACTUAL LatLong,322536,MV 5-10,2104,N,1961,W,SENW,"10",7S,96W,"6",39.453007,-108.096429,233568,4371626,500,ложь
794,"04523245","045","23245","05-045-23245",10844,QB ENERGY OPERATING LLC,11A-17,Chevron,11A-17 Chevron,ACTUAL,2017/06/26,5585,7757,7072,31290,GRAND VALLEY,446098,WELL,PR,GW,2023/06/01,ACTUAL LatLong,335781,Parachute Creek 5A,1234,N,2028,E,Lot 1,"17",6S,96W,"6",39.528322,-108.129592,231004,4380086,500,ложь
796,"04511019","045","11019","05-045-11019",96850,TEP ROCKY MOUNTAIN LLC,22-9-695,AP,22-9-695 AP,ACTUAL,2006/06/18,8430,11162,11115,67350,PARACHUTE,279236,WELL,PR,GW,2024/10/01,ACTUAL LatLong,335753,MOBIL-66S95W 9SENW,1909,N,1675,W,SENW,"9",6S,95W,"6",39.541338,-108.007121,241581,4381172,500,ложь
800,"04509086","045","09086","05-045-09086",10456,CAERUS PICEANCE LLC,15-8 (D14),ROSE RANCH,15-8 (D14) ROSE RANCH,ACTUAL,2003/04/26,6705,8560,8288,52500,MAMM CREEK,265893,WELL,PA,GW,2022/10/24,ACTUAL LatLong,334622,ROSE RANCH-67S93W 14NWNW,778,N,560,W,NWNW,"14",7S,93W,"6",39.4507,-107.74937,263427,4370401,500,ложь
807,"04514562","045","14562","05-045-14562",10844,QB ENERGY OPERATING LLC,"16",697-13C,16 697-13C,ACTUAL,2007/09/16,8347,9303,9238,31290,GRAND VALLEY,292007,WELL,PR,GW,2021/09/01,ACTUAL LatLong,335857,697-13C-66S97W 13SESW,1187,S,1505,W,SESW,"13",6S,97W,"6",39.51895,-108.17274,227258,4379176,500,ложь
809,"04523928","045","23928","05-045-23928",10433,LARAMIE ENERGY LLC,"0697-03-03W",CC Federal,"0697-03-03W CC Federal",ACTUAL,2019/07/12,8624,10260,9645,31290,GRAND VALLEY,454724,WELL,PR,GW,2019/10/15,ACTUAL LatLong,335902,CC 604-41-32 Pad,1888,N,915,E,Lot 12,"4",6S,97W,"6",39.557641,-108.218729,223458,4383611,500,ложь
810,"04516043","045","16043","05-045-16043",96850,TEP ROCKY MOUNTAIN LLC,B13,GYPSUM RANCH,B13 GYPSUM RANCH,ACTUAL,2008/07/16,5323,9128,8801,52500,MAMM CREEK,296461,WELL,PR,GW,2025/06/01,ACTUAL LatLong,336037,GYPSUM RANCH-66S93W 14NWNE,755,N,1871,E,NWNE,"14",6S,93W,"6",39.531506,-107.740432,264470,4379348,500,ложь
813,"04513326","045","13326","05-045-13326",10844,QB ENERGY OPERATING LLC,12C-25,PUCKETT,12C-25 PUCKETT,ACTUAL,2005/06/08,8373,9200,,31290,GRAND VALLEY,274075,WELL,SI,GW,2025/08/01,ACTUAL LatLong,324389,Mesa E25-697,2140,N,727,W,SWNW,"25",6S,97W,"6",39.49542,-108.17561,226919,4376572,500,ложь
816,"04523717","045","23717","05-045-23717",96850,TEP ROCKY MOUNTAIN LLC,PA 331-26,FEDERAL,PA 331-26 FEDERAL,ACTUAL,2018/05/14,5637,9322,8476,67350,PARACHUTE,452370,WELL,PR,GW,2018/07/28,ACTUAL LatLong,335330,FEDERAL PA 23-26,2119,S,2461,W,NESW,"26",6S,95W,"6",39.494334,-107.966723,244881,4375838,500,ложь
819,"04521071","045","21071","05-045-21071",10844,QB ENERGY OPERATING LLC,13D-14 596,NPR H15,13D-14 596 NPR H15,ACTUAL,2018/10/31,6429,9587,9267,31290,GRAND VALLEY,425813,WELL,PR,GW,2024/07/01,ACTUAL LatLong,425805,NPR H15-596,2358,N,56,E,SENE,"15",5S,96W,"6",39.615861,-108.146272,229911,4389854,500,ложь
820,"04518550","045","18550","05-045-18550",10844,QB ENERGY OPERATING LLC,34C-5,Savage,34C-5 Savage,ACTUAL,2016/05/13,6465,9075,8956,75400,RULISON,412740,WELL,PR,GW,2016/09/01,ACTUAL LatLong,413476,Savage 8A-794,535,N,1210,E,NWNE,"8",7S,94W,"6",39.458392,-107.906326,249947,4371679,500,ложь
821,"04521938","045","21938","05-045-21938",10844,QB ENERGY OPERATING LLC,6-11A (J6SEB),HMU,6-11A (J6SEB) HMU,ACTUAL,2013/08/16,7143,9939,9867,52500,MAMM CREEK,432272,WELL,PR,GW,2021/07/01,ACTUAL LatLong,432265,Mamm Creek J6SEB,1957,S,1920,E,NWSE,"6",8S,92W,"6",39.38748,-107.706179,266934,4363271,500,ложь
822,"04513688","045","13688","05-045-13688",10844,QB ENERGY OPERATING LLC,32-31D,LATHAM,32-31D LATHAM,ACTUAL,2008/08/30,8261,9895,8939,31290,GRAND VALLEY,289231,WELL,PR,GW,2023/05/01,ACTUAL LatLong,335842,Latham CD-32 596,976,N,1312,W,NWNW,"32",5S,96W,"6",39.576181,-108.197602,225347,4385605,500,ложь
824,"04514761","045","14761","05-045-14761",10844,QB ENERGY OPERATING LLC,5-13D,SAVAGE,5-13D SAVAGE,ACTUAL,2008/03/25,6427,9535,9456,75400,RULISON,292742,WELL,PR,GW,2023/05/01,ACTUAL LatLong,335007,SAVAGE-67S94W 5NWSW,1870,S,1209,W,NWSW,"5",7S,94W,"6",39.464922,-107.915132,249213,4372429,500,ложь
825,"04509909","045","09909","05-045-09909",10844,QB ENERGY OPERATING LLC,34-7C(J34NW),GMR,34-7C(J34NW) GMR,ACTUAL,2004/05/19,6596,8738,8721,52500,MAMM CREEK,271596,WELL,PR,GW,2023/06/01,ACTUAL LatLong,334614,GMR-66S93W 34NWSE,2344,S,1893,E,NWSE,"34",6S,93W,"6",39.48205,-107.75871,262730,4373906,500,ложь
830,"04509273","045","09273","05-045-09273",10844,QB ENERGY OPERATING LLC,4-9A (L3E),OKAGAWA,4-9A (L3E) OKAGAWA,ACTUAL,2004/01/18,6011,6105,5939,52500,MAMM CREEK,268571,WELL,SI,GW,2025/08/01,ACTUAL LatLong,334574,OKAGAWA-67S92W 3NWSW,1785,S,457,W,NWSW,"3",7S,92W,"6",39.47353,-107.66021,271175,4372705,500,ложь
831,"04511499","045","11499","05-045-11499",10844,QB ENERGY OPERATING LLC,3-14 (OO3),LINDAUER FEDERAL,3-14 (OO3) LINDAUER FEDERAL,ACTUAL,2006/01/15,5544,5465,5188,31290,GRAND VALLEY,281720,WELL,SI,GW,2025/02/01,ACTUAL LatLong,334105,LINDAUER-68S96W 3SWSE,247,S,2183,E,SWSE,"3",8S,96W,"6",39.372194,-108.09386,233481,4362648,500,ложь
841,"04515790","045","15790","05-045-15790",96850,TEP ROCKY MOUNTAIN LLC,34-11C,REPPO,34-11C REPPO,ACTUAL,2009/11/21,5044,5160,4914,31290,GRAND VALLEY,295580,WELL,PR,GW,2020/12/01,ACTUAL LatLong,334359,Reppo A Pad,2747,S,2460,E,SWNE,"34",7S,96W,"6",39.39382,-108.09509,233457,4365052,500,ложь
844,"04509257","045","09257","05-045-09257",10844,QB ENERGY OPERATING LLC,4-9C (K4B2),GMR,4-9C (K4B2) GMR,ACTUAL,2003/08/26,6886,9437,9132,52500,MAMM CREEK,268411,WELL,PR,GW,2025/03/01,ACTUAL LatLong,334605,GMR-67S93W 4NESW,2161,S,2490,W,NESW,"4",7S,93W,"6",39.47321,-107.78042,260832,4372982,500,ложь
846,"04509200","045","09200","05-045-09200",10844,QB ENERGY OPERATING LLC,25-7 (B25W),SHIDELER,25-7 (B25W) SHIDELER,ACTUAL,2003/06/18,6787,8650,8431,52500,MAMM CREEK,267578,WELL,PR,GW,2025/05/01,ACTUAL LatLong,334938,SHIDELER-67S93W 25NWNE,601,N,2174,E,NWNE,"25",7S,93W,"6",39.42276,-107.72186,265701,4367228,500,ложь
847,"04510497","045","10497","05-045-10497",10844,QB ENERGY OPERATING LLC,23-10C (J23NW),GMU,23-10C (J23NW) GMU,ACTUAL,2005/06/01,5854,8265,8194,52500,MAMM CREEK,276633,WELL,PR,GW,2024/10/01,ACTUAL LatLong,335405,GMU-66S93W 23NWSE,2020,S,2548,E,NWSE,"23",6S,93W,"6",39.51024,-107.74275,264198,4376993,500,ложь
851,"04515329","045","15329","05-045-15329",10844,QB ENERGY OPERATING LLC,7-21B,FEDERAL,7-21B FEDERAL,ACTUAL,2008/06/03,5972,7015,6872,67350,PARACHUTE,294223,WELL,PR,GW,2024/10/01,ACTUAL LatLong,334073,FEDERAL-68S95W 7NW4,1017,N,1315,W,NWNW,"7",8S,95W,"6",39.38227,-108.0439,237823,4363620,500,ложь
852,"04513226","045","13226","05-045-13226",96850,TEP ROCKY MOUNTAIN LLC,E6,VALLEY FARMS,E6 VALLEY FARMS,ACTUAL,2008/02/03,5604,8665,8446,52500,MAMM CREEK,288408,WELL,PR,GW,2021/03/01,ACTUAL LatLong,335542,VALLEY FARMS E PAD,1872,N,698,E,SENE,"15",6S,92W,"6",39.528969,-107.646317,272551,4378824,500,ложь
854,"04524541","045","24541","05-045-24541",96850,TEP ROCKY MOUNTAIN LLC,WMC 333-19-793,TEP,WMC 333-19-793 TEP,ACTUAL,2023/03/13,8563,11050,10589,75400,RULISON,482638,WELL,PR,OW,2023/08/15,ACTUAL LatLong,335038,Honea 19-05,2150,N,975,W,LOT 2,"19",7S,93W,"6",39.426486,-107.822525,257047,4367908,500,ложь
855,"04521116","045","21116","05-045-21116",96850,TEP ROCKY MOUNTAIN LLC,32D-23-692,Dixon Federal,32D-23-692 Dixon Federal,ACTUAL,2012/04/03,5971,822,,52500,MAMM CREEK,425909,WELL,PA,GW,2016/08/23,ACTUAL LatLong,425891,Dixon Federal Pad (SENW-23-692) 22A-23-692,1907,N,2480,W,SENW,"23",6S,92W,"6",39.514611,-107.634914,273485,4377201,500,ложь
857,"04513742","045","13742","05-045-13742",96850,TEP ROCKY MOUNTAIN LLC,GM 32-30,CHEVRON,GM 32-30 CHEVRON,ACTUAL,2021/10/14,5849,7557,6840,31290,GRAND VALLEY,289404,WELL,PR,GW,2022/01/20,ACTUAL LatLong,335260,Chevron GR 12-29,1534,N,826,W,LOT 3,"29",6S,96W,"6",39.49818,-108.138899,230087,4376768,500,ложь
859,"04523205","045","23205","05-045-23205",10844,QB ENERGY OPERATING LLC,34B-24,Puckett,34B-24 Puckett,ACTUAL,2017/10/12,8169,9076,9034,31290,GRAND VALLEY,445871,WELL,PR,GW,2018/07/01,ACTUAL LatLong,445862,Mesa P24-697,624,S,687,E,SESE,"24",6S,97W,"6",39.503023,-108.161917,228127,4377375,500,ложь
863,"04507505","045","07505","05-045-07505",10844,QB ENERGY OPERATING LLC,12-3 (D12),SHAEFFER,12-3 (D12) SHAEFFER,ACTUAL,2000/04/08,6214,7143,6952,52500,MAMM CREEK,256966,WELL,PR,GW,2020/10/01,ACTUAL LatLong,334603,SCHAEFFER DISPOSAL-67S93W 12NWNW,675,N,673,W,NWNW,"12",7S,93W,"6",39.46566,-107.7307,265084,4372013,500,ложь
865,"04509984","045","09984","05-045-09984",10844,QB ENERGY OPERATING LLC,22-4A (H21),GMR,22-4A (H21) GMR,ACTUAL,2004/05/14,6143,9210,8845,52500,MAMM CREEK,271937,WELL,PR,GW,2023/03/01,ACTUAL LatLong,335374,GMR-66S93W 21SENE,2308,N,278,E,SENE,"21",6S,93W,"6",39.51261,-107.77211,261682,4377334,500,ложь
872,"04507637","045","07637","05-045-07637",10844,QB ENERGY OPERATING LLC,13-9D,UNOCAL,13-9D UNOCAL,ACTUAL,2000/12/11,5794,7907,7710,31290,GRAND VALLEY,258416,WELL,PA,GW,2018/09/16,ACTUAL LatLong,335809,UNOCAL-66S96W 9SWNW,2144,N,934,W,SWNW,"9",6S,96W,"6",39.54086,-108.11794,232054,4381443,500,ложь
873,"04516086","045","16086","05-045-16086",10844,QB ENERGY OPERATING LLC,26-22B,BATTLEMENT MESA,26-22B BATTLEMENT MESA,ACTUAL,2010/03/29,8990,10377,10094,67350,PARACHUTE,296607,WELL,SI,GW,2025/06/01,ACTUAL LatLong,334415,Battlement Mesa 26K-795,1787,S,1090,W,NWSW,"26",7S,95W,"6",39.405783,-107.970195,244259,4366018,500,ложь
874,"04515672","045","15672","05-045-15672",10844,QB ENERGY OPERATING LLC,15-4BB (PH-16),FEDERAL,15-4BB (PH-16) FEDERAL,ACTUAL,2008/06/13,6231,7815,7589,67350,PARACHUTE,295187,WELL,PR,GW,2022/08/01,ACTUAL LatLong,335026,FEDERAL BOSELY-67S95W 16NENE,1311,N,226,E,NENE,"16",7S,95W,"6",39.4413,-107.99405,242335,4370029,500,ложь
875,"04523502","045","23502","05-045-23502",96850,TEP ROCKY MOUNTAIN LLC,TR 634-27-597,CHEVRON,TR 634-27-597 CHEVRON,ACTUAL,2017/04/26,8452,10027,9574,83825,TRAIL RIDGE,449901,WELL,PR,GW,2017/08/22,ACTUAL LatLong,324417,CHEVRON TR 44-27-597,176,S,276,E,SESE,"27",5S,97W,"6",39.577901,-108.255881,220347,4385976,500,ложь
879,"04514122","045","14122","05-045-14122",96850,TEP ROCKY MOUNTAIN LLC,6-22B (F-1),FURR-HAGEN,6-22B (F-1) FURR-HAGEN,ACTUAL,2007/06/25,6657,8225,8131,67350,PARACHUTE,290461,WELL,PR,GW,2024/08/01,ACTUAL LatLong,334778,FURR 22-07 (F1)PAD,2304,N,2262,E,SWNE,"22",7S,95W,"6",39.4239,-107.98227,243285,4368064,500,ложь
884,"04519546","045","19546","05-045-19546",10844,QB ENERGY OPERATING LLC,1-9D1 (O1EB),TWIN CREEK,1-9D1 (O1EB) TWIN CREEK,ACTUAL,2010/08/29,6062,6190,5852,52500,MAMM CREEK,417473,WELL,PR,GW,2021/01/01,ACTUAL LatLong,416887,TWIN CREEK 1-10C2 (O1EB),844,S,1817,E,SWSE,"1",7S,92W,"6",39.471455,-107.612313,275289,4372354,500,ложь
886,"04514974","045","14974","05-045-14974",10844,QB ENERGY OPERATING LLC,10B K15 696,SCHOOL HOUSE POINT OM,10B K15 696 SCHOOL HOUSE POINT OM,ACTUAL,2008/07/01,8481,10347,10278,31290,GRAND VALLEY,293414,WELL,SI,GW,2024/05/01,ACTUAL LatLong,335991,SCHOOL POINT OM K15 696,2409,S,2148,W,NESW,"15",6S,96W,"6",39.522373,-108.097121,233773,4379329,500,ложь
888,"04515112","045","15112","05-045-15112",10844,QB ENERGY OPERATING LLC,33B-13R,CHEVRON,33B-13R CHEVRON,ACTUAL,2007/12/15,8269,9300,9291,31290,GRAND VALLEY,293707,WELL,SI,GW,2025/05/01,ACTUAL LatLong,335616,CHEVRON J13 697,2130,S,2009,E,NWSE,"13",6S,97W,"6",39.521513,-108.166551,227800,4379441,500,ложь
889,"04512778","045","12778","05-045-12778",10844,QB ENERGY OPERATING LLC,3-11A (L3E),OKAGAWA,3-11A (L3E) OKAGAWA,ACTUAL,2006/12/02,6016,6309,6004,52500,MAMM CREEK,286782,WELL,SI,GW,2025/08/01,ACTUAL LatLong,334574,OKAGAWA-67S92W 3NWSW,1802,S,525,W,NWSW,"3",7S,92W,"6",39.4736,-107.65997,271196,4372712,500,ложь
892,"04519344","045","19344","05-045-19344",96850,TEP ROCKY MOUNTAIN LLC,J4,Valley Farms,J4 Valley Farms,ACTUAL,2014/07/30,5542,7104,6988,47525,KOKOPELLI,416730,WELL,PR,GW,2016/06/16,ACTUAL LatLong,416703,Valley Farms J Pad Valley Farms J1,202,N,1313,W,NENW,"13",6S,92W,"6",39.533805,-107.620472,274789,4379296,500,ложь
895,"04520723","045","20723","05-045-20723",10433,LARAMIE ENERGY LLC,697-04-76A,Cascade Creek,697-04-76A Cascade Creek,ACTUAL,2012/03/29,8639,9432,9262,31290,GRAND VALLEY,423281,WELL,PA,GW,2023/06/26,ACTUAL LatLong,423240,Cascade Creek 697-04D,1510,S,1143,W,NWSW,"4",6S,97W,"6",39.54884,-108.2301,222446,4382669,500,ложь
896,"04509037","045","09037","05-045-09037",10844,QB ENERGY OPERATING LLC,35-10C (I35),BENZEL,35-10C (I35) BENZEL,ACTUAL,2003/01/01,6043,8030,7696,52500,MAMM CREEK,265617,WELL,PR,GW,2024/10/01,ACTUAL LatLong,334919,BENZEL-66S93W 35NESE,1644,S,931,E,NESE,"35",6S,93W,"6",39.48029,-107.73658,264628,4373652,500,ложь
897,"04506153","045","06153","05-045-06153",51130,LOCIN OIL CORPORATION,1-15 (OWP),FEDERAL,1-15 (OWP) FEDERAL,ACTUAL,1978/05/25,5313,4333,0,77750,SOUTH CANYON,210397,WELL,PR,GW,2021/02/01,ACTUAL LatLong,322388,FEDERAL-68S105W 1SWSE (OWP),680,S,1840,E,SWSE,"1",8S,105W,"6",39.391916,-109.047135,151436,4368089,500,ложь
898,"04515540","045","15540","05-045-15540",10844,QB ENERGY OPERATING LLC,25-9C (E30E),SHIDELER,25-9C (E30E) SHIDELER,ACTUAL,2008/02/25,6649,8285,8053,52500,MAMM CREEK,294621,WELL,PR,GW,2025/05/01,ACTUAL LatLong,334630,SHIDELER-67S93W 25SENE,2219,N,2,E,SENE,"25",7S,93W,"6",39.41839,-107.71415,266350,4366723,500,ложь
900,"04520714","045","20714","05-045-20714",10433,LARAMIE ENERGY LLC,697-04-84B,Cascade Creek,697-04-84B Cascade Creek,ACTUAL,2011/12/17,8645,9639,9302,31290,GRAND VALLEY,423272,WELL,PR,GW,2025/05/01,ACTUAL LatLong,423240,Cascade Creek 697-04D,1492,S,1129,W,NWSW,"4",6S,97W,"6",39.54879,-108.23015,222441,4382664,500,ложь
901,"04511056","045","11056","05-045-11056",96850,TEP ROCKY MOUNTAIN LLC,RWF 32-10,FEDERAL,RWF 32-10 FEDERAL,ACTUAL,2006/08/16,5806,9131,8940,75400,RULISON,279490,WELL,PR,GW,2019/04/01,ACTUAL LatLong,335659,FEDERAL-66S94W 10SENE,2389,N,826,E,SENE,"10",6S,94W,"6",39.54097,-107.86771,253562,4380739,500,ложь
902,"04516300","045","16300","05-045-16300",10844,QB ENERGY OPERATING LLC,MF03C-9 D09A 69,N. PARACHUTE,MF03C-9 D09A 69 N. PARACHUTE,ACTUAL,2008/11/03,5652,7950,7669,31290,GRAND VALLEY,297095,WELL,PR,GW,2018/06/01,ACTUAL LatLong,335560,N.PARACHUTE-66S96W 9NWNW,732,N,843,W,NWNW,"9",6S,96W,"6",39.544711,-108.118354,232034,4381872,500,ложь
903,"04518748","045","18748","05-045-18748",10844,QB ENERGY OPERATING LLC,13B-17,Rulison Federal,13B-17 Rulison Federal,ACTUAL,2016/08/02,7414,9375,9262,75400,RULISON,413222,WELL,PR,GW,2017/05/20,ACTUAL LatLong,413221,17L 794,1606,S,1142,W,NWSW,"17",7S,94W,"6",39.436146,-107.915438,249083,4369235,500,ложь
905,"04522897","045","22897","05-045-22897",96850,TEP ROCKY MOUNTAIN LLC,31C-17-07-95,MONUMENT RIDGE B,31C-17-07-95 MONUMENT RIDGE B,ACTUAL,2016/09/18,5700,7750,6881,67350,PARACHUTE,442816,WELL,PR,GW,2017/05/01,ACTUAL LatLong,442832,MONUMENT RIDGE B PAD,900,S,144,E,SESE,"8",7S,95W,"6",39.447476,-108.012275,240789,4370767,500,ложь
906,"04513528","045","13528","05-045-13528",10844,QB ENERGY OPERATING LLC,25-10(PK25),FEDERAL,25-10(PK25) FEDERAL,ACTUAL,2005/04/29,5943,7312,7028,67350,PARACHUTE,275378,WELL,SI,GW,2025/08/01,ACTUAL LatLong,334096,S.PARACHUTE FEDERAL-67S96W 25NESW,1689,S,1972,W,NESW,"25",7S,96W,"6",39.40603,-108.0605,236483,4366306,500,ложь
907,"04523482","045","23482","05-045-23482",96850,TEP ROCKY MOUNTAIN LLC,32A-13-07-96,BMC B,32A-13-07-96 BMC B,ACTUAL,2017/07/24,5098,7040,6024,31290,GRAND VALLEY,449479,WELL,PR,GW,2017/11/27,ACTUAL LatLong,447695,BMC B PAD,2237,N,647,W,Lot 3,"18",7S,95W,"6",39.438864,-108.046608,237802,4369910,500,ложь
911,"04524179","045","24179","05-045-24179",10844,QB ENERGY OPERATING LLC,12A-24-496,Fed,12A-24-496 Fed,ACTUAL,2019/11/17,8130,12556,12425,31290,GRAND VALLEY,458474,WELL,PR,GW,2020/11/03,ACTUAL LatLong,458475,ELU A24-496 Pad,482,N,134,W,Lot 4,"24",4S,96W,"6",39.693836,-108.125972,231955,4398450,500,ложь
912,"04510488","045","10488","05-045-10488",96850,TEP ROCKY MOUNTAIN LLC,13B-20-692,BRYNILDSON,13B-20-692 BRYNILDSON,ACTUAL,2008/08/25,5669,7560,7552,52500,MAMM CREEK,276580,WELL,PR,GW,2025/05/01,ACTUAL LatLong,335379,BRYNILDSON-66S92W 20NWSW,1999,S,723,W,NWSW,"20",6S,92W,"6",39.510293,-107.697621,268079,4376882,500,ложь
913,"04514412","045","14412","05-045-14412",10844,QB ENERGY OPERATING LLC,WF11A-23 F23596,N PARACHUTE,WF11A-23 F23596 N PARACHUTE,ACTUAL,2008/04/10,6155,8962,8875,31290,GRAND VALLEY,291527,WELL,PR,GW,2025/04/01,ACTUAL LatLong,335667,N PARACHUTE WF15A-23 F23596,2260,N,1607,W,SENW,"23",5S,96W,"6",39.601672,-108.140357,230363,4388261,500,ложь
915,"04507322","045","07322","05-045-07322",10844,QB ENERGY OPERATING LLC,12-11,HYRUP,12-11 HYRUP,ACTUAL,1998/09/05,5945,6352,0,31290,GRAND VALLEY,211562,WELL,SI,GW,2024/05/01,ACTUAL LatLong,324042,HYRUP-68S96W 12NWNW,1031,N,1060,W,NWNW,"12",8S,96W,"6",39.369205,-108.063266,236106,4362226,500,ложь
919,"04520091","045","20091","05-045-20091",10433,LARAMIE ENERGY LLC,697-08-27B,Cascade Creek,697-08-27B Cascade Creek,ACTUAL,2011/10/23,8382,9143,8781,31290,GRAND VALLEY,420006,WELL,PR,GW,2023/04/01,ACTUAL LatLong,335815,Cascade Creek 697-08-53,1377,S,2157,E,NWSE,"8",6S,97W,"6",39.53397,-108.24179,221381,4381055,500,ложь
923,"04517795","045","17795","05-045-17795",10844,QB ENERGY OPERATING LLC,"14D-1",Puckett,14D-1 Puckett,ACTUAL,2015/11/29,8431,8870,8795,31290,GRAND VALLEY,299929,WELL,PR,GW,2016/06/27,ACTUAL LatLong,335017,Mesa P2-797,1053,S,329,E,SESE,"2",7S,97W,"6",39.470242,-108.179123,226518,4373788,500,ложь
926,"04511256","045","11256","05-045-11256",10844,QB ENERGY OPERATING LLC,5-433D,CHEVRON,5-433D CHEVRON,ACTUAL,2006/02/19,5708,8234,,31290,GRAND VALLEY,280443,WELL,SI,GW,2025/05/01,ACTUAL LatLong,335585,CHEVRON M04 696,432,S,272,W,SWSW,"4",6S,96W,"6",39.547901,-108.120267,231881,4382232,500,ложь
930,"04523763","045","23763","05-045-23763",96850,TEP ROCKY MOUNTAIN LLC,PA 332-24,FEDERAL,PA 332-24 FEDERAL,ACTUAL,2018/10/07,5732,9201,8485,67350,PARACHUTE,452661,WELL,PR,GW,2019/01/02,ACTUAL LatLong,335434,FEDERAL RWF 13-19,1419,S,402,W,Lot 14,"19",6S,94W,"6",39.507067,-107.93681,247500,4377168,500,ложь
934,"04507947","045","07947","05-045-07947",10844,QB ENERGY OPERATING LLC,7-8A (H7),KRK,7-8A (H7) KRK,ACTUAL,2002/02/04,6053,7165,7110,52500,MAMM CREEK,261362,WELL,PR,GW,2023/10/01,ACTUAL LatLong,334864,KRK-67S92W 7SENE,1966,N,849,E,SENE,"7",7S,92W,"6",39.46276,-107.70227,267521,4371617,500,ложь
938,"04508989","045","08989","05-045-08989",10844,QB ENERGY OPERATING LLC,42-5D,CHEVRON,42-5D CHEVRON,ACTUAL,2003/02/25,5712,8255,8048,31290,GRAND VALLEY,265355,WELL,PR,GW,2019/03/01,ACTUAL LatLong,335814,CHEVRON-66S96W 4SWNW,3087,N,785,W,SWNW,"4",6S,96W,"6",39.55597,-108.11772,232131,4383120,500,ложь
939,"04515871","045","15871","05-045-15871",96850,TEP ROCKY MOUNTAIN LLC,TR334-23-597,CHEVRON,TR334-23-597 CHEVRON,ACTUAL,2008/07/06,8558,9820,9820,83825,TRAIL RIDGE,295972,WELL,PR,GW,2017/10/01,ACTUAL LatLong,335923,CHEVRON TR 32-23-597,2570,N,1480,E,SWNE,"23",5S,97W,"6",39.59933,-108.241557,221663,4388310,500,ложь
941,"04523237","045","23237","05-045-23237",10844,QB ENERGY OPERATING LLC,"22E-17",Chevron,22E-17 Chevron,ACTUAL,2017/05/10,5586,7740,7067,31290,GRAND VALLEY,446090,WELL,PR,GW,2019/03/01,ACTUAL LatLong,335781,Parachute Creek 5A,1296,N,2039,E,Lot 1,"17",6S,96W,"6",39.52815,-108.129686,230996,4380067,500,ложь
950,"04517242","045","17242","05-045-17242",10844,QB ENERGY OPERATING LLC,17-32C,RULISON FEDERAL,17-32C RULISON FEDERAL,ACTUAL,2009/02/11,6403,9484,9386,75400,RULISON,298546,WELL,PR,GW,2020/04/01,ACTUAL LatLong,335023,JONES-67S94W 17SENW,1871,N,2180,W,SENW,"17",7S,94W,"6",39.439961,-107.911775,249412,4369648,500,ложь
951,"04512222","045","12222","05-045-12222",10433,LARAMIE ENERGY LLC,697-15-31D,CASCADE CREEK,697-15-31D CASCADE CREEK,ACTUAL,2006/07/28,8560,9317,9286,31290,GRAND VALLEY,284595,WELL,PR,GW,2025/08/01,ACTUAL LatLong,335595,CC 0697-15-23 Pad,1807,N,1002,E,SENE,"15",6S,97W,"6",39.525254,-108.200363,224908,4379960,500,ложь
957,"04520338","045","20338","05-045-20338",96850,TEP ROCKY MOUNTAIN LLC,13B-12-06-92,McLin A,13B-12-06-92 McLin A,ACTUAL,2014/08/09,5606,7600,7051,47525,KOKOPELLI,421264,WELL,PR,GW,2022/06/01,ACTUAL LatLong,421223,McLin A Pad,937,S,2254,W,SESW,"12",6S,92W,"6",39.536962,-107.617191,275081,4379638,500,ложь
958,"04523915","045","23915","05-045-23915",96850,TEP ROCKY MOUNTAIN LLC,NR 314-3,CLOUGH,NR 314-3 CLOUGH,ACTUAL,2018/12/08,6719,10170,9893,75400,RULISON,454648,WELL,PR,GW,2019/03/19,ACTUAL LatLong,422211,Clough NR 23-3,1788,S,1798,W,NESW,"3",6S,94W,"6",39.552441,-107.877155,252791,4382039,500,ложь
965,"04514666","045","14666","05-045-14666",96850,TEP ROCKY MOUNTAIN LLC,C5,ROBINSON,C5 ROBINSON,ACTUAL,2008/02/16,5643,8808,8764,52500,MAMM CREEK,292294,WELL,PA,GW,2016/07/21,ACTUAL LatLong,335546,ROBINSON C PAD,2451,N,261,E,SENE,"17",6S,92W,"6",39.527215,-107.682311,269451,4378721,500,ложь
968,"04523349","045","23349","05-045-23349",96850,TEP ROCKY MOUNTAIN LLC,TR 334-21-597,Chevron,TR 334-21-597 Chevron,ACTUAL,2017/02/04,8292,9803,9396,83825,TRAIL RIDGE,448073,WELL,PR,GW,2023/08/01,ACTUAL LatLong,324381,CHEVRON TR 24-21-597,665,S,1862,W,SESW,"21",5S,97W,"6",39.593738,-108.285824,217839,4387827,500,ложь
971,"04521120","045","21120","05-045-21120",96850,TEP ROCKY MOUNTAIN LLC,22A-23-692,Dixon Federal,22A-23-692 Dixon Federal,ACTUAL,2012/04/01,5967,822,,52500,MAMM CREEK,425916,WELL,PA,GW,2016/08/23,ACTUAL LatLong,425891,Dixon Federal Pad (SENW-23-692) 22A-23-692,1932,N,2470,W,SENW,"23",6S,92W,"6",39.514544,-107.634948,273482,4377194,500,ложь
974,"04515675","045","15675","05-045-15675",10844,QB ENERGY OPERATING LLC,16-1BB (PH-16),FEDERAL,16-1BB (PH-16) FEDERAL,ACTUAL,2008/06/25,6231,7590,7567,67350,PARACHUTE,295147,WELL,PR,GW,2022/08/01,ACTUAL LatLong,335026,FEDERAL BOSELY-67S95W 16NENE,1321,N,234,E,NENE,"16",7S,95W,"6",39.44127,-107.99408,242333,4370026,500,ложь
975,"04508109","045","08109","05-045-08109",10844,QB ENERGY OPERATING LLC,31-8A2(D32NEB),COUEY,31-8A2(D32NEB) COUEY,ACTUAL,2002/04/26,5834,7400,7316,52500,MAMM CREEK,263215,WELL,SI,GW,2025/07/01,ACTUAL LatLong,335301,COUEY-66S92W 32NWNW,561,N,62,W,NWNW,"32",6S,92W,"6",39.48899,-107.69923,267870,4374521,500,ложь
977,"04523662","045","23662","05-045-23662",96850,TEP ROCKY MOUNTAIN LLC,PA 343-26,TRI STATE TRUCKING,PA 343-26 TRI STATE TRUCKING,ACTUAL,2017/11/10,5224,8345,7890,67350,PARACHUTE,451915,WELL,PR,GW,2017/12/30,ACTUAL LatLong,335123,Tri State Trucking PA 22-25,2285,N,1850,W,SENW,"25",6S,95W,"6",39.496883,-107.94986,246341,4376074,500,ложь
983,"04523259","045","23259","05-045-23259",96850,TEP ROCKY MOUNTAIN LLC,RU 14-7,YOUBERG,RU 14-7 YOUBERG,ACTUAL,2016/11/30,7358,9686,9412,75400,RULISON,446557,WELL,PR,GW,2017/01/01,ACTUAL LatLong,413683,YOUBERG SR 43-12,1933,S,158,W,LOT 3,"7",7S,93W,"6",39.452138,-107.825803,256855,4370764,500,ложь
984,"04514729","045","14729","05-045-14729",10844,QB ENERGY OPERATING LLC,11-12BB (PK11),MAP LLC,11-12BB (PK11) MAP LLC,ACTUAL,2008/02/02,6377,7973,7838,67350,PARACHUTE,292488,WELL,SI,GW,2023/11/01,ACTUAL LatLong,334733,MAP LLC-67S95W 11NESW,2078,S,1820,W,NESW,"11",7S,95W,"6",39.45074,-107.96817,244597,4371003,500,ложь
985,"04515778","045","15778","05-045-15778",96850,TEP ROCKY MOUNTAIN LLC,29-08D,FEDERAL,29-08D FEDERAL,ACTUAL,2008/08/26,5734,9960,9594,75400,RULISON,295513,WELL,PR,GW,2025/06/01,ACTUAL LatLong,335483,Federal 29-02 Pad,967,N,1946,E,NWNE,"29",6S,93W,"6",39.50168,-107.79666,259533,4376186,500,ложь
988,"04512460","045","12460","05-045-12460",96850,TEP ROCKY MOUNTAIN LLC,TR 23-30-597,CHEVRON,TR 23-30-597 CHEVRON,ACTUAL,2006/08/26,8180,8185,8177,83825,TRAIL RIDGE,285360,WELL,PR,GW,2024/05/01,ACTUAL LatLong,335665,CHEVRON-65S97W 30NESW,2023,S,1831,W,NESW,"30",5S,97W,"6",39.582852,-108.323249,214579,4386737,500,ложь
994,"04509877","045","09877","05-045-09877",10844,QB ENERGY OPERATING LLC,26-1A(H26NW),LAZIER,26-1A(H26NW) LAZIER,ACTUAL,2004/03/12,5693,8103,7761,52500,MAMM CREEK,271411,WELL,PR,GW,2020/01/01,ACTUAL LatLong,335314,BENZEL-66S93W 26SENE,2272,N,930,E,SENE,"26",6S,93W,"6",39.498488,-107.736902,264661,4375673,500,ложь
995,"04524084","045","24084","05-045-24084",10433,LARAMIE ENERGY LLC,"0697-03-27E",CC,"0697-03-27E CC",ACTUAL,2024/10/31,8614,10491,9582,31290,GRAND VALLEY,457350,WELL,PR,OW,2025/07/28,ACTUAL LatLong,335647,Cascade Creek (CC) 0603-23-32,1559,S,1473,W,NESW,"3",6S,97W,"6",39.548964,-108.210258,224151,4382622,500,ложь
999,"04513846","045","13846","05-045-13846",10844,QB ENERGY OPERATING LLC,16-15BB (PJ16),SHORE FEDERAL,16-15BB (PJ16) SHORE FEDERAL,ACTUAL,2007/06/30,6065,7225,7176,67350,PARACHUTE,289666,WELL,PR,GW,2021/11/01,ACTUAL LatLong,334656,SHORE-67S95W 16NWSE,1555,S,2305,E,NWSE,"16",7S,95W,"6",39.43482,-108.00121,241695,4369330,500,ложь
1003,"04516216","045","16216","05-045-16216",10844,QB ENERGY OPERATING LLC,23A-24D,PUCKETT,23A-24D PUCKETT,ACTUAL,2010/06/21,8142,9050,9006,31290,GRAND VALLEY,296917,WELL,PR,GW,2025/06/01,ACTUAL LatLong,335519,PUCKETT-66S97W 24SWNE,2602,N,2540,E,SWNE,"24",6S,97W,"6",39.50853,-108.16842,227589,4378006,500,ложь
1005,"04514732","045","14732","05-045-14732",10844,QB ENERGY OPERATING LLC,"23",596-33C,23 596-33C,ACTUAL,2008/05/28,8243,10286,10025,31290,GRAND VALLEY,292485,WELL,PR,GW,2018/05/01,ACTUAL LatLong,335880,596-33C,261,S,1308,W,SWSW,"33",5S,96W,"6",39.56511,-108.17884,226915,4384319,500,ложь
1009,"04509872","045","09872","05-045-09872",96850,TEP ROCKY MOUNTAIN LLC,512-34,PA,512-34 PA,ACTUAL,2004/07/25,5302,7119,7067,67350,PARACHUTE,271409,WELL,PR,GW,2020/10/01,ACTUAL LatLong,335254,MOBIL-66S95W 34SWNW,2121,N,743,W,SWNW,"34",6S,95W,"6",39.482549,-107.991165,242736,4374600,500,ложь
1010,"04517275","045","17275","05-045-17275",10844,QB ENERGY OPERATING LLC,6-8D,CHEVRON,6-8D CHEVRON,ACTUAL,2010/01/14,8150,10230,10008,31290,GRAND VALLEY,298594,WELL,PR,GW,2023/04/01,ACTUAL LatLong,335966,CHEVRON O06 696,2105,S,2590,E,NWSE,"6",6S,96W,"6",39.550369,-108.149601,229370,4382594,500,ложь
1011,"04509018","045","09018","05-045-09018",10844,QB ENERGY OPERATING LLC,13-7D,CHEVRON,13-7D CHEVRON,ACTUAL,2003/08/22,6354,7771,7748,31290,GRAND VALLEY,265454,WELL,PR,GW,2025/08/01,ACTUAL LatLong,335798,CHEVRON-66S96W 7NWSW,2227,S,1116,W,NWSW,"7",6S,96W,"6",39.53628,-108.1555,228808,4381047,500,ложь
1012,"04507897","045","07897","05-045-07897",10844,QB ENERGY OPERATING LLC,7-1A (H7),KRK,7-1A (H7) KRK,ACTUAL,2002/03/08,6053,7250,7213,52500,MAMM CREEK,260668,WELL,PR,GW,2023/10/01,ACTUAL LatLong,334864,KRK-67S92W 7SENE,1973,N,878,E,SENE,"7",7S,92W,"6",39.46281,-107.7024,267510,4371623,500,ложь
1016,"04518474","045","18474","05-045-18474",16700,CHEVRON USA INC,598-08-AV-13,SKR,598-08-AV-13 SKR,ACTUAL,2009/06/29,6763,4420,3692,77548,SKINNER RIDGE,412540,WELL,IJ,DSP,2024/06/01,ACTUAL LatLong,324363,SKINNER RIDGE-65S98W 8NWNW,1002,N,456,W,NWNW,"8",5S,98W,"6",39.632618,-108.42135,206363,4392579,500,ложь
1021,"04523888","045","23888","05-045-23888",96850,TEP ROCKY MOUNTAIN LLC,PA 513-24,FEDERAL,PA 513-24 FEDERAL,ACTUAL,2019/08/19,5364,8762,8129,67350,PARACHUTE,454384,WELL,PR,GW,2019/11/26,ACTUAL LatLong,454383,FEDERAL PA 34-24,935,S,1638,E,SWSE,"24",6S,95W,"6",39.505722,-107.944043,246873,4377039,500,ложь
1023,"04514285","045","14285","05-045-14285",96850,TEP ROCKY MOUNTAIN LLC,F3,VALLEY FARMS,F3 VALLEY FARMS,ACTUAL,2007/09/07,5613,8505,8427,52500,MAMM CREEK,291066,WELL,PR,GW,2023/11/01,ACTUAL LatLong,335538,VALLEY FARMS F PAD,2133,S,305,W,NWSW,"14",6S,92W,"6",39.525698,-107.642649,272856,4378452,500,ложь
1024,"04509027","045","09027","05-045-09027",96850,TEP ROCKY MOUNTAIN LLC,311-12,GM,311-12 GM,ACTUAL,2003/02/18,5140,6192,,31290,GRAND VALLEY,265598,WELL,PR,CBM,2024/08/01,ACTUAL LatLong,334981,GM-67S96W 12NWNW,597,N,832,W,NWNW,"12",7S,96W,"6",39.458014,-108.06531,236265,4372091,500,ложь
1026,"04513818","045","13818","05-045-13818",96850,TEP ROCKY MOUNTAIN LLC,B2,DIXON FED CA,B2 DIXON FED CA,ACTUAL,2011/07/16,5513,7582,7537,52500,MAMM CREEK,289581,WELL,PR,GW,2022/02/01,ACTUAL LatLong,311696,Dixon Federal B Pad,1588,S,733,W,NWSW,"15",6S,92W,"6",39.524136,-107.659867,271371,4378322,500,ложь
1027,"04523943","045","23943","05-045-23943",96850,TEP ROCKY MOUNTAIN LLC,SG 323-26,5-MILE RANCH,SG 323-26 5-MILE RANCH,ACTUAL,2018/11/17,5076,5526,5166,31290,GRAND VALLEY,454968,WELL,PR,GW,2019/01/14,ACTUAL LatLong,334745,5-Mile Ranch SG 32-26,1829,N,2378,E,LOT 6,"26",7S,96W,"6",39.410675,-108.075779,235184,4366866,500,ложь
1033,"04517248","045","17248","05-045-17248",10844,QB ENERGY OPERATING LLC,17-31D,RULISON FEDERAL,17-31D RULISON FEDERAL,ACTUAL,2009/04/07,7389,9565,9426,75400,RULISON,298553,WELL,PR,GW,2020/04/01,ACTUAL LatLong,335023,JONES-67S94W 17SENW,1836,N,2165,W,SENW,"17",7S,94W,"6",39.440054,-107.91183,249408,4369659,500,ложь
1036,"04522533","045","22533","05-045-22533",96850,TEP ROCKY MOUNTAIN LLC,442-8,Federal GM,442-8 Federal GM,ACTUAL,2016/06/12,6087,6833,6518,31290,GRAND VALLEY,439493,WELL,PR,GW,2016/08/11,ACTUAL LatLong,334717,MV 16-9,663,N,553,W,NWNW,"9",7S,96W,"6",39.456857,-108.119983,231555,4372124,500,ложь
1037,"04514082","045","14082","05-045-14082",96850,TEP ROCKY MOUNTAIN LLC,RWF 424-10,FEDERAL,RWF 424-10 FEDERAL,ACTUAL,2007/07/28,5869,8968,8808,75400,RULISON,290307,WELL,PR,GW,2022/09/01,ACTUAL LatLong,335615,FEDERAL-66S94W 10NESW,1889,N,2368,W,NESW,"10",6S,94W,"6",39.537675,-107.87504,252921,4380394,500,ложь
1038,"04516041","045","16041","05-045-16041",96850,TEP ROCKY MOUNTAIN LLC,B9,GYPSUM RANCH,B9 GYPSUM RANCH,ACTUAL,2008/08/02,5323,9005,8865,52500,MAMM CREEK,296459,WELL,PR,GW,2025/06/01,ACTUAL LatLong,336037,GYPSUM RANCH-66S93W 14NWNE,763,N,1842,E,NWNE,"14",6S,93W,"6",39.531496,-107.740381,264474,4379347,500,ложь
1039,"04521171","045","21171","05-045-21171",10844,QB ENERGY OPERATING LLC,8512D-24 L24496,STORY GULCH,8512D-24 L24496 STORY GULCH,ACTUAL,2012/10/29,8180,12440,12431,31290,GRAND VALLEY,426503,WELL,PR,GW,2021/01/01,ACTUAL LatLong,426478,SG L24 496,1596,S,882,W,NWSW,"24",4S,96W,"6",39.68492,-108.123365,232144,4397452,500,ложь
1046,"04512119","045","12119","05-045-12119",96850,TEP ROCKY MOUNTAIN LLC,B8,VALLEY FARMS,B8 VALLEY FARMS,ACTUAL,2006/08/02,5495,8724,8526,52500,MAMM CREEK,284254,WELL,PR,GW,2025/06/01,ACTUAL LatLong,335555,VALLEY FARMS-66S92W 16SENE,1980,N,1169,E,SENE,"16",6S,92W,"6",39.528607,-107.666649,270802,4378835,500,ложь
1047,"04523373","045","23373","05-045-23373",10844,QB ENERGY OPERATING LLC,13D-23 697,Puckett,13D-23 697 Puckett,ACTUAL,2017/09/25,8437,9436,8934,31290,GRAND VALLEY,448426,WELL,PR,GW,2018/03/26,ACTUAL LatLong,448427,Mesa N23-697,702,S,2435,W,SESW,"23",6S,97W,"6",39.503167,-108.188108,225875,4377470,500,ложь
1053,"04519142","045","19142","05-045-19142",96850,TEP ROCKY MOUNTAIN LLC,18-07B,SAVAGE,18-07B SAVAGE,ACTUAL,2010/11/27,7213,9300,8956,75400,RULISON,415702,WELL,PR,GW,2024/08/01,ACTUAL LatLong,415655,SAVAGE 17-05 PAD,1078,N,88,W,SWNW,"17",7S,94W,"6",39.44214,-107.91931,248771,4369911,500,ложь
1056,"04524202","045","24202","05-045-24202",96850,TEP ROCKY MOUNTAIN LLC,PA 21-24,FEDERAL,PA 21-24 FEDERAL,ACTUAL,2020/05/26,6571,10002,9425,67350,PARACHUTE,459105,WELL,PR,GW,2020/09/15,ACTUAL LatLong,457469,FEDERAL PA 44-13,1080,S,1003,E,SESE,"13",6S,95W,"6",39.520577,-107.94179,247121,4378681,500,ложь
1058,"04511020","045","11020","05-045-11020",96850,TEP ROCKY MOUNTAIN LLC,41-11-696,AP,41-11-696 AP,ACTUAL,2005/09/14,8543,11165,11154,31290,GRAND VALLEY,279237,WELL,PR,GW,2024/10/01,ACTUAL LatLong,335874,AP-66S96W 11NENE,850,N,1063,E,NENE,"11",6S,96W,"6",39.542365,-108.071101,236086,4381472,500,ложь
1061,"04512939","045","12939","05-045-12939",10844,QB ENERGY OPERATING LLC,12A-24D,PUCKETT,12A-24D PUCKETT,ACTUAL,2008/04/29,8308,9150,9088,31290,GRAND VALLEY,287232,WELL,SI,GW,2025/06/01,ACTUAL LatLong,335455,PUCKETT-66S97W 24SWNW,2105,N,1203,W,SWNW,"24",6S,97W,"6",39.50994,-108.17383,227129,4378179,500,ложь
1066,"04523773","045","23773","05-045-23773",10844,QB ENERGY OPERATING LLC,12C-10-596,NPR,12C-10-596 NPR,ACTUAL,2018/07/25,6710,9773,9420,31290,GRAND VALLEY,452672,WELL,PR,GW,2024/07/01,ACTUAL LatLong,335676,NPR K10-596,1923,S,2454,W,NESW,"10",5S,96W,"6",39.627611,-108.15607,229115,4391188,500,ложь
1070,"04518208","045","18208","05-045-18208",96850,TEP ROCKY MOUNTAIN LLC,18-05D,SOUTH LEVERICH,18-05D SOUTH LEVERICH,ACTUAL,2009/03/02,8008,10561,10109,75400,RULISON,301622,WELL,PR,GW,2023/07/01,ACTUAL LatLong,335045,South Leverich 13-09 Pad,1414,S,805,E,NESE,"13",7S,94W,"6",39.43562,-107.82897,256524,4368939,500,ложь
1071,"04515912","045","15912","05-045-15912",96850,TEP ROCKY MOUNTAIN LLC,29-11A,MCCLUNG,29-11A MCCLUNG,ACTUAL,2008/10/06,7678,10705,10655,52500,MAMM CREEK,296102,WELL,PR,GW,2024/08/01,ACTUAL LatLong,335048,McClung 29-10 Pad,2247,S,2375,E,NWSE,"29",7S,93W,"6",39.41575,-107.79604,259291,4366645,500,ложь
1073,"04506577","045","06577","05-045-06577",51130,LOCIN OIL CORPORATION,36-7 (OWP),FEDERAL,36-7 (OWP) FEDERAL,ACTUAL,1989/04/24,6210,5170,5170,77750,SOUTH CANYON,210819,WELL,PR,GW,2023/12/01,ACTUAL LatLong,323794,FEDERAL-67S105W 36SWNE (OWP),1724,N,536,W,SWNE,"36",7S,105W,"6",39.4128,-109.04963,151325,4370418,500,ложь
1074,"04515297","045","15297","05-045-15297",96850,TEP ROCKY MOUNTAIN LLC,C10,GENTRY,C10 GENTRY,ACTUAL,2008/05/20,5628,8912,8627,52500,MAMM CREEK,294177,WELL,SI,GW,2017/08/21,ACTUAL LatLong,311695,GENTRY-66S92W 17SESE,462,S,512,E,SESE,"17",6S,92W,"6",39.520717,-107.682972,269373,4378001,500,ложь
1081,"04509029","045","09029","05-045-09029",10844,QB ENERGY OPERATING LLC,32-12D (L32),GRAHAM,32-12D (L32) GRAHAM,ACTUAL,2003/01/15,5881,7065,7029,52500,MAMM CREEK,265591,WELL,PR,GW,2025/03/01,ACTUAL LatLong,334830,GRAHAM-66S92W 32NWSW,1897,S,684,W,NWSW,"32",6S,92W,"6",39.48126,-107.69692,268043,4373657,500,ложь
1084,"04510308","045","10308","05-045-10308",10844,QB ENERGY OPERATING LLC,30-9A (P30E),HMU,30-9A (P30E) HMU,ACTUAL,2004/10/09,6886,7560,7400,52500,MAMM CREEK,273946,WELL,PR,GW,2023/05/01,ACTUAL LatLong,334271,HMU FEDERAL-67S92W 30SESE,824,S,391,E,SESE,"30",7S,92W,"6",39.41237,-107.70046,267509,4366019,500,ложь
1086,"04507956","045","07956","05-045-07956",10844,QB ENERGY OPERATING LLC,25-2B (B25W),SHIDELER,25-2B (B25W) SHIDELER,ACTUAL,2003/02/28,6793,7629,7541,52500,MAMM CREEK,261413,WELL,PR,GW,2025/05/01,ACTUAL LatLong,324173,SHIDELER-67S93W 25NWNE,10,N,2575,E,NWNE,"25",7S,93W,"6",39.42306,-107.72193,265696,4367262,500,ложь
1087,"04513464","045","13464","05-045-13464",10844,QB ENERGY OPERATING LLC,"42D-8",CHEVRON,42D-8 CHEVRON,ACTUAL,2005/01/29,5629,7535,,31290,GRAND VALLEY,275070,WELL,PR,GW,2019/03/01,ACTUAL LatLong,324399,CHEVRON-66S96W 8SENE,2609,N,650,E,SENE,"8",6S,96W,"6",39.53958,-108.12353,231569,4381318,500,ложь
1091,"04523986","045","23986","05-045-23986",10433,LARAMIE ENERGY LLC,"0697-04-07E",CC,"0697-04-07E CC",ACTUAL,2019/05/20,8639,9481,9463,31290,GRAND VALLEY,455744,WELL,PA,GW,2022/12/12,ACTUAL LatLong,335902,CC 604-41-32 Pad,1942,N,944,E,Lot 12,"4",6S,97W,"6",39.557493,-108.218827,223449,4383595,500,ложь
1093,"04519839","045","19839","05-045-19839",10844,QB ENERGY OPERATING LLC,8508C-36 B36496,SGU,8508C-36 B36496 SGU,ACTUAL,2010/11/05,8352,12274,12106,31290,GRAND VALLEY,418944,WELL,PR,GW,2021/02/01,ACTUAL LatLong,415180,Story Gulch Unit 8505A-36 B36496,779,N,1643,E,Lot 2,"36",4S,96W,"6",39.663855,-108.11356,232904,4395084,500,ложь
1094,"04510955","045","10955","05-045-10955",10844,QB ENERGY OPERATING LLC,1-33A,WALLING,1-33A WALLING,ACTUAL,2006/05/11,6010,6615,6606,67350,PARACHUTE,278817,WELL,SI,GW,2025/02/01,ACTUAL LatLong,334062,WALLING-68S96W 1NWSE,2414,N,2258,E,NWSE,"1",8S,96W,"6",39.378789,-108.05645,236729,4363270,500,ложь
1098,"04510249","045","10249","05-045-10249",10844,QB ENERGY OPERATING LLC,32B-7,PUCKETT,32B-7 PUCKETT,ACTUAL,2006/09/03,8258,8675,,31290,GRAND VALLEY,273452,WELL,PR,GW,2024/05/01,ACTUAL LatLong,334633,PUCKETT-67S96W 7SWNE,2153,N,2019,E,SWNE,"7",7S,96W,"6",39.45311,-108.14769,229156,4371791,500,ложь
1100,"04519131","045","19131","05-045-19131",10844,QB ENERGY OPERATING LLC,8-12B (8D),SGV FEDERAL,8-12B (8D) SGV FEDERAL,ACTUAL,2010/09/13,6343,6756,6700,67350,PARACHUTE,415669,WELL,PA,GW,2024/08/21,ACTUAL LatLong,415673,SGV FEDERAL 6-44C (PAD 8D),1246,N,298,W,NWNW,"8",8S,95W,"6",39.381659,-108.026312,239336,4363501,500,ложь
1107,"04510847","045","10847","05-045-10847",96850,TEP ROCKY MOUNTAIN LLC,B2,ISLAND PARK,B2 ISLAND PARK,ACTUAL,2005/09/14,5376,8977,8782,52500,MAMM CREEK,278177,WELL,PR,GW,2025/04/01,ACTUAL LatLong,336025,ISLAND PARK-66S92W 7NESE,2582,S,225,E,NESE,"7",6S,92W,"6",39.540908,-107.700957,267894,4380289,500,ложь
1108,"04523331","045","23331","05-045-23331",96850,TEP ROCKY MOUNTAIN LLC,TR 534-27-597,CHEVRON,TR 534-27-597 CHEVRON,ACTUAL,2017/03/04,8452,10025,9624,83825,TRAIL RIDGE,448036,WELL,PR,GW,2017/08/22,ACTUAL LatLong,324417,CHEVRON TR 44-27-597,176,S,264,E,SESE,"27",5S,97W,"6",39.5779,-108.255837,220350,4385975,500,ложь
1109,"04519673","045","19673","05-045-19673",96850,TEP ROCKY MOUNTAIN LLC,GM 414-26,ExxonMobil,GM 414-26 ExxonMobil,ACTUAL,2011/02/24,5655,8220,7094,31290,GRAND VALLEY,418057,WELL,PR,GW,2019/12/01,ACTUAL LatLong,323789,ExxonMobil MV 29-27,1932,S,1320,E,NWSE,"27",6S,96W,"6",39.493235,-108.089877,234285,4376073,500,ложь
1110,"04518303","045","18303","05-045-18303",96850,TEP ROCKY MOUNTAIN LLC,SG 421-33,SPECIALTY RESTAURANTS,SG 421-33 SPECIALTY RESTAURANTS,ACTUAL,2010/04/14,5059,5247,4972,31290,GRAND VALLEY,301842,WELL,PR,GW,2025/01/01,ACTUAL LatLong,383330,SPECIALTY RESTAURANTS-67S96W 33SWNW,1572,N,950,W,SWNW,"33",7S,96W,"6",39.396414,-108.120427,231285,4365415,500,ложь
1111,"04509862","045","09862","05-045-09862",10844,QB ENERGY OPERATING LLC,2-15A(12W),CEDAR SPRINGS RANCH,2-15A(12W) CEDAR SPRINGS RANCH,ACTUAL,2004/04/16,6175,7967,7897,52500,MAMM CREEK,271327,WELL,SI,GW,2025/02/01,ACTUAL LatLong,334906,BENZEL-67S93W 2NESE,2119,S,1131,E,NESE,"2",7S,93W,"6",39.47322,-107.73721,264550,4372869,500,ложь
1112,"04523752","045","23752","05-045-23752",10844,QB ENERGY OPERATING LLC,11D-15-596,NPR,11D-15-596 NPR,ACTUAL,2018/04/03,6709,10100,9308,31290,GRAND VALLEY,452649,WELL,PA,GW,2021/01/04,ACTUAL LatLong,335676,NPR K10-596,1861,S,2529,W,NESW,"10",5S,96W,"6",39.627436,-108.155805,229137,4391168,500,ложь
1114,"04524489","045","24489","05-045-24489",96850,TEP ROCKY MOUNTAIN LLC,WMC 532-20,FEDERAL,WMC 532-20 FEDERAL,ACTUAL,2022/11/06,8869,11477,10933,75400,RULISON,480790,WELL,PR,OW,2023/06/12,ACTUAL LatLong,480732,FEDERAL WMC 24-17,236,S,1819,W,SESW,"17",7S,93W,"6",39.439039,-107.799486,259074,4369240,500,ложь
1115,"04509234","045","09234","05-045-09234",10844,QB ENERGY OPERATING LLC,3-16A (I3B),HMU,3-16A (I3B) HMU,ACTUAL,2003/10/04,6012,8465,8200,52500,MAMM CREEK,267979,WELL,PR,GW,2024/07/01,ACTUAL LatLong,334911,HMU-67S93W 3NESE,2489,S,1087,E,NESE,"3",7S,93W,"6",39.47404,-107.75571,262961,4373009,500,ложь
1122,"04520712","045","20712","05-045-20712",10433,LARAMIE ENERGY LLC,697-09-02A,Cascade Creek,697-09-02A Cascade Creek,ACTUAL,2011/12/22,8656,9455,9210,31290,GRAND VALLEY,423269,WELL,PR,GW,2020/09/01,ACTUAL LatLong,423240,Cascade Creek 697-04D,1463,S,1106,W,NWSW,"4",6S,97W,"6",39.54871,-108.23023,222434,4382655,500,ложь
1123,"04521940","045","21940","05-045-21940",10844,QB ENERGY OPERATING LLC,6-15AA (J6SEB),HMU,6-15AA (J6SEB) HMU,ACTUAL,2013/08/22,7143,8760,8617,52500,MAMM CREEK,432280,WELL,PR,GW,2022/07/01,ACTUAL LatLong,432265,Mamm Creek J6SEB,1910,S,1885,E,NWSE,"6",8S,92W,"6",39.387339,-107.706049,266944,4363255,500,ложь
1127,"04512786","045","12786","05-045-12786",10844,QB ENERGY OPERATING LLC,2-41B,NOCKS,2-41B NOCKS,ACTUAL,2007/09/24,5720,6377,6304,31290,GRAND VALLEY,286835,WELL,PR,GW,2025/07/01,ACTUAL LatLong,334078,NOCKS-68S96W 2NENE,1139,N,551,E,NENE,"2",8S,96W,"6",39.383423,-108.069463,235625,4363823,500,ложь
1131,"04512601","045","12601","05-045-12601",96850,TEP ROCKY MOUNTAIN LLC,PA 434-29,FEDERAL,PA 434-29 FEDERAL,ACTUAL,2007/09/29,5576,10725,10657,67350,PARACHUTE,286024,WELL,PR,GW,2024/06/01,ACTUAL LatLong,335421,FEDERAL-66S95W 29SWSE,275,S,2322,E,SWSE,"29",6S,95W,"6",39.489027,-108.020839,240207,4375404,500,ложь
1133,"04510940","045","10940","05-045-10940",10844,QB ENERGY OPERATING LLC,23-2C (H23NW),GMU,23-2C (H23NW) GMU,ACTUAL,2005/07/28,5676,8280,7942,52500,MAMM CREEK,278813,WELL,PR,GW,2023/08/01,ACTUAL LatLong,335444,GMU-66S93W 23SENE,2344,N,375,E,SENE,"23",6S,93W,"6",39.51275,-107.73506,264868,4377252,500,ложь
1138,"04522007","045","22007","05-045-22007",10844,QB ENERGY OPERATING LLC,22-1D (PC22),Hagen Federal,22-1D (PC22) Hagen Federal,ACTUAL,2013/08/23,6521,8650,7873,67350,PARACHUTE,432548,WELL,PR,GW,2020/03/01,ACTUAL LatLong,432551,Hagen Federal 22-8A (PC22),666,N,1831,W,NENW,"22",7S,95W,"6",39.428452,-107.986268,242958,4368581,500,ложь
1139,"04511262","045","11262","05-045-11262",96850,TEP ROCKY MOUNTAIN LLC,RWF 531-21,CLOUGH,RWF 531-21 CLOUGH,ACTUAL,2007/03/27,5408,8006,7988,75400,RULISON,280509,WELL,PR,GW,2023/01/01,ACTUAL LatLong,335179,CLOUGH-66S94W 21NWNE,1199,N,2147,E,NWNE,"21",6S,94W,"6",39.514874,-107.891651,251411,4377908,500,ложь
1143,"04513544","045","13544","05-045-13544",10844,QB ENERGY OPERATING LLC,10-6 (C10OU),SATTERFIELD,10-6 (C10OU) SATTERFIELD,ACTUAL,2005/01/23,5573,6013,5829,31290,GRAND VALLEY,275438,WELL,SI,GW,2025/04/01,ACTUAL LatLong,334093,Keinath Federal 9-12H2 (C10OU),1080,N,1695,W,NENW,"10",8S,96W,"6",39.36853,-108.09871,233049,4362255,500,ложь
1144,"04511060","045","11060","05-045-11060",10844,QB ENERGY OPERATING LLC,29-13AX (P30E),HMU (FEE),29-13AX (P30E) HMU (FEE),ACTUAL,2005/08/25,6886,7945,7576,52500,MAMM CREEK,279600,WELL,PR,GW,2023/05/01,ACTUAL LatLong,334271,HMU FEDERAL-67S92W 30SESE,805,S,428,E,SESE,"30",7S,92W,"6",39.41232,-107.70059,267498,4366014,500,ложь
1145,"04520440","045","20440","05-045-20440",10844,QB ENERGY OPERATING LLC,8603E-33 P28496,DW,8603E-33 P28496 DW,ACTUAL,2011/08/28,7791,11690,10654,31290,GRAND VALLEY,421893,WELL,PR,GW,2023/01/01,ACTUAL LatLong,421886,DW P28 496,572,S,453,E,SESE,"28",4S,96W,"6",39.667632,-108.165744,228442,4395660,500,ложь
1146,"04513517","045","13517","05-045-13517",96850,TEP ROCKY MOUNTAIN LLC,30-02D,HOOKER,30-02D HOOKER,ACTUAL,2005/11/21,5871,8717,8708,75400,RULISON,275310,WELL,PR,GW,2023/12/01,ACTUAL LatLong,335165,Hooker 30-02 Pad,1153,N,1564,E,NWNE,"30",6S,93W,"6",39.50098,-107.8138,258057,4376154,500,ложь
1147,"04521912","045","21912","05-045-21912",10844,QB ENERGY OPERATING LLC,8514C-34 E34496,SG,8514C-34 E34496 SG,ACTUAL,2013/10/14,8324,12228,11494,31290,GRAND VALLEY,431957,WELL,PR,GW,2019/09/01,ACTUAL LatLong,335928,SG E34 496,2320,N,989,W,SWNW,"34",4S,96W,"6",39.659696,-108.160619,228850,4394764,500,ложь
1149,"04512740","045","12740","05-045-12740",96850,TEP ROCKY MOUNTAIN LLC,9-22 D,FURR,9-22 D FURR,ACTUAL,2007/04/12,7117,8720,8525,67350,PARACHUTE,286727,WELL,PR,GW,2024/08/01,ACTUAL LatLong,335024,Furr F-02 Pad,322,S,287,E,SESE,"22",7S,95W,"6",39.41666,-107.97512,243874,4367240,500,ложь
1151,"04523656","045","23656","05-045-23656",96850,TEP ROCKY MOUNTAIN LLC,PA 41-26,TRI STATE TRUCKING,PA 41-26 TRI STATE TRUCKING,ACTUAL,2018/01/21,5224,8840,7986,67350,PARACHUTE,451909,WELL,PR,GW,2018/03/01,ACTUAL LatLong,335123,Tri State Trucking PA 22-25,2275,N,1925,W,SENW,"25",6S,95W,"6",39.496912,-107.949596,246364,4376076,500,ложь
1153,"04516920","045","16920","05-045-16920",96850,TEP ROCKY MOUNTAIN LLC,RWF 22-26,SAVAGE,RWF 22-26 SAVAGE,ACTUAL,2009/01/09,5321,7800,7722,75400,RULISON,297678,WELL,PR,GW,2023/03/01,ACTUAL LatLong,335478,SAVAGE-66S94W 26SENW,2395,N,1837,W,SENW,"26",6S,94W,"6",39.497038,-107.858361,254211,4375837,500,ложь
1158,"04514757","045","14757","05-045-14757",10844,QB ENERGY OPERATING LLC,8-21D,SAVAGE,8-21D SAVAGE,ACTUAL,2008/08/06,6776,9098,9037,75400,RULISON,292746,WELL,PR,GW,2024/02/01,ACTUAL LatLong,335006,SAVAGE-67S94W 8NWNW,1106,N,996,W,NWNW,"8",7S,94W,"6",39.456811,-107.916035,249106,4371531,500,ложь
1159,"04515503","045","15503","05-045-15503",10844,QB ENERGY OPERATING LLC,21A-12D,PUCKETT,21A-12D PUCKETT,ACTUAL,2008/09/06,8232,8722,8679,31290,GRAND VALLEY,294521,WELL,SI,GW,2025/04/01,ACTUAL LatLong,335034,PUCKETT-67S97W 12NENW,765,N,1936,W,NENW,"12",7S,97W,"6",39.46525,-108.17108,227191,4373209,500,ложь
1160,"04522686","045","22686","05-045-22686",96850,TEP ROCKY MOUNTAIN LLC,334-10,Federal GM,334-10 Federal GM,ACTUAL,2017/05/30,6148,8216,6724,31290,GRAND VALLEY,440613,WELL,PR,GW,2024/01/01,ACTUAL LatLong,322536,MV 5-10,2139,N,1862,W,SENW,"10",7S,96W,"6",39.452909,-108.096779,233537,4371617,500,ложь
1161,"04512708","045","12708","05-045-12708",10844,QB ENERGY OPERATING LLC,EF02D D19A 595,N. PARACHUTE,EF02D D19A 595 N. PARACHUTE,ACTUAL,2006/12/24,6027,10175,9459,31290,GRAND VALLEY,286636,WELL,PR,GW,2019/08/01,ACTUAL LatLong,335905,N. PARACHUTE-65S95W 19NENW,428,N,1780,W,NENW,"19",5S,95W,"6",39.60538,-108.102248,233650,4388559,500,ложь
1170,"04523946","045","23946","05-045-23946",96850,TEP ROCKY MOUNTAIN LLC,SG 43-26,5-MILE RANCH,SG 43-26 5-MILE RANCH,ACTUAL,2018/11/14,5076,5907,5218,31290,GRAND VALLEY,454971,WELL,PR,GW,2019/01/14,ACTUAL LatLong,334745,5-Mile Ranch SG 32-26,1834,N,2370,E,LOT 6,"26",7S,96W,"6",39.41066,-108.07575,235187,4366865,500,ложь
1173,"04507676","045","07676","05-045-07676",10550,MUSTANG RESOURCES LLC,1-26-6-94 W,SAVAGE,1-26-6-94 W SAVAGE,ACTUAL,2001/02/12,5545,1845,,75400,RULISON,258988,WELL,PR,GW,2024/07/01,ACTUAL LatLong,311594,SAVAGE-66S94W 26SWNE,1693,N,1406,E,SWNE,"26",6S,94W,"6",39.499057,-107.851098,254843,4376041,500,ложь
1176,"04524551","045","24551","05-045-24551",96850,TEP ROCKY MOUNTAIN LLC,WMC 533-19-793,TEP,WMC 533-19-793 TEP,ACTUAL,2023/02/17,8563,11070,10587,75400,RULISON,482648,WELL,PR,OW,2023/08/01,ACTUAL LatLong,335038,Honea 19-05,2158,N,959,W,LOT 2,"19",7S,93W,"6",39.426441,-107.82258,257043,4367903,500,ложь
1180,"04508111","045","08111","05-045-08111",10844,QB ENERGY OPERATING LLC,32-5C4(D32NEB),COUEY,32-5C4(D32NEB) COUEY,ACTUAL,2002/04/27,5833,7455,7221,52500,MAMM CREEK,263217,WELL,SI,GW,2025/07/01,ACTUAL LatLong,335301,COUEY-66S92W 32NWNW,544,N,73,W,NWNW,"32",6S,92W,"6",39.48903,-107.69918,267874,4374526,500,ложь
1182,"04511925","045","11925","05-045-11925",10844,QB ENERGY OPERATING LLC,31-13BB (PI36),ENCANA FEDERAL,31-13BB (PI36) ENCANA FEDERAL,ACTUAL,2006/02/28,5719,6082,5864,67350,PARACHUTE,283462,WELL,PR,GW,2025/03/01,ACTUAL LatLong,334080,S.PARACHUTE TBI-67S96W 36NESE,1957,S,309,E,NESE,"36",7S,96W,"6",39.39224,-108.04973,237358,4364744,500,ложь
1183,"04507530","045","07530","05-045-07530",10844,QB ENERGY OPERATING LLC,11-16 (I11W),SCHAEFFER,11-16 (I11W) SCHAEFFER,ACTUAL,2000/06/12,6332,7365,7072,52500,MAMM CREEK,257181,WELL,PR,GW,2022/02/01,ACTUAL LatLong,334561,SCHAEFFER-67S93W 11NESE,2168,S,1202,E,NESE,"11",7S,93W,"6",39.45888,-107.73724,264499,4371278,500,ложь
1184,"04515650","045","15650","05-045-15650",10844,QB ENERGY OPERATING LLC,16-16BB (PI-16),FEDERAL,16-16BB (PI-16) FEDERAL,ACTUAL,2008/08/08,6187,7737,7282,67350,PARACHUTE,295103,WELL,PR,GW,2019/11/01,ACTUAL LatLong,335041,FEDERAL HAGEN-67S95W 16NESE,2348,S,846,E,NESE,"16",7S,95W,"6",39.43686,-107.99617,242136,4369542,500,ложь
1187,"04522132","045","22132","05-045-22132",16700,CHEVRON USA INC,"02",SKR 598-08-BV,"02 SKR 598-08-BV",ACTUAL,2013/09/08,6550,4694,3919,77548,SKINNER RIDGE,433864,WELL,IJ,DSP,2023/07/05,ACTUAL LatLong,433619,SKR 598-08-BV,314,S,2528,W,LOT8,"8",5S,98W,"6",39.621725,-108.414186,206932,4391346,500,ложь
1188,"04513791","045","13791","05-045-13791",10844,QB ENERGY OPERATING LLC,5-14D,FEDERAL,5-14D FEDERAL,ACTUAL,2007/07/09,6412,7465,7272,67350,PARACHUTE,289511,WELL,PA,GW,2022/07/11,ACTUAL LatLong,334081,FEDERAL-68S95W 8NENW,567,N,1608,W,NENW,"8",8S,95W,"6",39.383599,-108.021701,239741,4363703,500,ложь
1191,"04521169","045","21169","05-045-21169",10844,QB ENERGY OPERATING LLC,8510C-23 L24496,STORY GULCH,8510C-23 L24496 STORY GULCH,ACTUAL,2012/10/31,8180,12643,12165,31290,GRAND VALLEY,426501,WELL,PR,GW,2021/02/01,ACTUAL LatLong,426478,SG L24 496,1589,S,878,W,NWSW,"24",4S,96W,"6",39.6849,-108.123384,232143,4397450,500,ложь
1194,"04522806","045","22806","05-045-22806",96850,TEP ROCKY MOUNTAIN LLC,33D-17-07-95,WATSON RANCH B,33D-17-07-95 WATSON RANCH B,ACTUAL,2015/03/20,5574,6935,6647,67350,PARACHUTE,440710,WELL,PR,GW,2023/04/01,ACTUAL LatLong,440705,Watson Ranch B Pad,1046,S,1915,W,SESW,"17",7S,95W,"6",39.433332,-108.023584,239763,4369229,500,ложь
1195,"04509498","045","09498","05-045-09498",10844,QB ENERGY OPERATING LLC,26-7C (J26NW),BENZEL,26-7C (J26NW) BENZEL,ACTUAL,2004/01/09,5752,7980,7905,52500,MAMM CREEK,270232,WELL,PR,GW,2018/02/01,ACTUAL LatLong,335308,BENZEL-66S93W 26NWSE,1765,S,2515,E,NWSE,"26",6S,93W,"6",39.49526,-107.74244,264174,4375330,500,ложь
1199,"04520514","045","20514","05-045-20514",10844,QB ENERGY OPERATING LLC,31-7A (PF31),Federal,31-7A (PF31) Federal,ACTUAL,2013/10/19,5834,6945,6285,67350,PARACHUTE,422181,WELL,PR,GW,2024/10/01,ACTUAL LatLong,334085,S. Parachute Federal PF-31,2340,N,1452,W,SENW,"31",7S,95W,"6",39.39491,-108.043512,237904,4365022,500,ложь
1200,"04510396","045","10396","05-045-10396",10844,QB ENERGY OPERATING LLC,15-12A (L15W),ROSE,15-12A (L15W) ROSE,ACTUAL,2005/06/14,7326,9465,9438,52500,MAMM CREEK,275900,WELL,PR,GW,2025/03/01,ACTUAL LatLong,334643,SOURS-67S93W 15NWSW,1825,S,536,W,NWSW,"15",7S,93W,"6",39.44347,-107.76789,261809,4369648,500,ложь
1201,"04513948","045","13948","05-045-13948",96850,TEP ROCKY MOUNTAIN LLC,RWF 531-10,FEDERAL,RWF 531-10 FEDERAL,ACTUAL,2008/07/10,5806,9170,8932,75400,RULISON,289979,WELL,PR,GW,2019/04/01,ACTUAL LatLong,335659,FEDERAL-66S94W 10SENE,2396,N,835,E,SENE,"10",6S,94W,"6",39.540966,-107.867752,253559,4380739,500,ложь
1202,"04521172","045","21172","05-045-21172",10844,QB ENERGY OPERATING LLC,8507E-23 L24496,STORY GULCH,8507E-23 L24496 STORY GULCH,ACTUAL,2012/10/07,8180,12789,12222,31290,GRAND VALLEY,426506,WELL,PR,GW,2021/02/01,ACTUAL LatLong,426478,SG L24 496,1635,S,909,W,NWSW,"24",4S,96W,"6",39.685029,-108.123273,232153,4397464,500,ложь
1203,"04521886","045","21886","05-045-21886",10844,QB ENERGY OPERATING LLC,22B-28-496,SG,22B-28-496 SG,ACTUAL,2019/10/26,8106,12090,11463,31290,GRAND VALLEY,431759,WELL,PR,GW,2020/04/25,ACTUAL LatLong,335939,SG L27 496,1900,S,1104,W,NWSW,"27",4S,96W,"6",39.671278,-108.160209,228931,4396048,500,ложь
1205,"04514436","045","14436","05-045-14436",10844,QB ENERGY OPERATING LLC,WF01A K25 596,N. PARACHUTE,WF01A K25 596 N. PARACHUTE,ACTUAL,2007/10/02,5907,9603,8270,31290,GRAND VALLEY,291538,WELL,PR,GW,2022/02/01,ACTUAL LatLong,311649,N.PARACHUTE-65S96W 25NESW,1950,S,2328,W,NESW,"25",5S,96W,"6",39.584263,-108.119107,232121,4386265,500,ложь
1211,"04511656","045","11656","05-045-11656",10844,QB ENERGY OPERATING LLC,G29 595,N PARACHUTE EF02B-32,G29 595 N PARACHUTE EF02B-32,ACTUAL,2007/03/07,6100,10465,9412,31290,GRAND VALLEY,282113,WELL,SI,GW,2025/05/01,ACTUAL LatLong,335573,N. Parachute EF G29 595,2265,N,1556,E,SWNE,"29",5S,95W,"6",39.585849,-108.074177,235987,4386308,500,ложь
1213,"04512194","045","12194","05-045-12194",51130,LOCIN OIL CORPORATION,12-10-5-103(OWP,COLUMBINE SP FED,12-10-5-103(OWP) COLUMBINE SP FED,ACTUAL,2006/05/30,6814,6215,,5700,BAXTER PASS,284540,WELL,SI,CBM,2019/05/01,ACTUAL LatLong,324365,COLUMBINE SP FED-65S103W 10SWNW (OWP),2615,N,652,W,SWNW,"10",5S,103W,"6",39.639097,-108.952233,160819,4395171,500,ложь
1218,"04524255","045","24255","05-045-24255",10433,LARAMIE ENERGY LLC,"0697-10-06W",CC,"0697-10-06W CC",ACTUAL,2023/01/05,8592,10152,9937,31290,GRAND VALLEY,461991,WELL,PR,OW,2023/08/07,ACTUAL LatLong,383264,Cascade Creek (CC) 0610-21-41,130,N,2419,W,NENW,"10",6S,97W,"6",39.544326,-108.206869,224424,4382097,500,ложь
1219,"04514531","045","14531","05-045-14531",10844,QB ENERGY OPERATING LLC,CP01A-05 A05 59,N. PARACHUTE,CP01A-05 A05 59 N. PARACHUTE,ACTUAL,2007/08/17,8402,12198,12175,31290,GRAND VALLEY,291840,WELL,PR,GW,2021/02/01,ACTUAL LatLong,335909,N. PARACHUTE-65S96W 5NENE,473,N,509,E,NENE,"5",5S,96W,"6",39.649951,-108.185363,226689,4393757,500,ложь
1220,"04522454","045","22454","05-045-22454",96850,TEP ROCKY MOUNTAIN LLC,14/15-6-21,Federal,14/15-6-21 Federal,ACTUAL,2014/12/03,6932,8025,7974,52500,MAMM CREEK,438167,WELL,PR,GW,2020/08/01,ACTUAL LatLong,437879,Well Pad 21B,2343,N,720,E,SENE,"21",6S,91W,"6",39.514409,-107.552424,280576,4376975,500,ложь
1221,"04514039","045","14039","05-045-14039",96850,TEP ROCKY MOUNTAIN LLC,522-9-695,AP,522-9-695 AP,ACTUAL,2007/07/03,8633,11880,11707,67350,PARACHUTE,290192,WELL,PR,GW,2024/10/01,ACTUAL LatLong,335626,MOBIL ALLEN POINT-66S95W 9NWSE,1743,S,1705,E,NWSE,"9",6S,95W,"6",39.536857,-108.000501,242134,4380655,500,ложь
1226,"04509204","045","09204","05-045-09204",10844,QB ENERGY OPERATING LLC,25-2D (B25W),SHIDELER,25-2D (B25W) SHIDELER,ACTUAL,2003/05/28,6789,8595,8447,52500,MAMM CREEK,267584,WELL,PR,GW,2025/05/01,ACTUAL LatLong,334938,SHIDELER-67S93W 25NWNE,583,N,2177,E,NWNE,"25",7S,93W,"6",39.42281,-107.72187,265700,4367234,500,ложь
1229,"04515461","045","15461","05-045-15461",10844,QB ENERGY OPERATING LLC,MF01A C28 696,N. PARACHUTE,MF01A C28 696 N. PARACHUTE,ACTUAL,2008/07/05,5682,8065,7068,31290,GRAND VALLEY,253,WELL,PR,GW,2018/12/01,ACTUAL LatLong,335200,N. PARACHUTE-66S96W 28NENW,498,N,1642,W,NENW,"28",6S,96W,"6",39.501106,-108.117389,231949,4377028,500,ложь
1230,"04509015","045","09015","05-045-09015",10844,QB ENERGY OPERATING LLC,32-7D,CHEVRON,32-7D CHEVRON,ACTUAL,2002/12/30,6035,7755,7610,31290,GRAND VALLEY,265443,WELL,SI,GW,2022/09/01,ACTUAL LatLong,335652,CHEVRON-66S96W 7SENE,2046,N,929,E,SENE,"7",6S,96W,"6",39.53903,-108.14358,229843,4381317,500,ложь
1231,"04514704","045","14704","05-045-14704",10844,QB ENERGY OPERATING LLC,CP13B-34 M34 49,SGU,CP13B-34 M34 49 SGU,ACTUAL,2007/10/02,8374,11400,11383,31290,GRAND VALLEY,292365,WELL,PR,GW,2023/04/01,ACTUAL LatLong,335927,SGU-64S96W 34SWSW,840,S,622,W,SWSW,"34",4S,96W,"6",39.653632,-108.161934,228714,4394094,500,ложь
1233,"04512150","045","12150","05-045-12150",10844,QB ENERGY OPERATING LLC,5F-17,CHEVRON,5F-17 CHEVRON,ACTUAL,2006/10/28,5649,7210,,31290,GRAND VALLEY,284330,WELL,PR,GW,2019/04/01,ACTUAL LatLong,335581,CHEVRON-66S96W 17SENW,1843,N,2489,W,SENW,"17",6S,96W,"6",39.52661,-108.13236,230760,4379904,500,ложь
1235,"04516912","045","16912","05-045-16912",10844,QB ENERGY OPERATING LLC,20-15(PP20),SAVAGE,20-15(PP20) SAVAGE,ACTUAL,2008/09/25,6003,7198,6900,67350,PARACHUTE,297666,WELL,PR,GW,2022/09/01,ACTUAL LatLong,334996,SAVAGE-67S95W 20SESE,1032,S,590,E,SESE,"20",7S,95W,"6",39.4186,-108.0134,240585,4367565,500,ложь
1237,"04523719","045","23719","05-045-23719",96850,TEP ROCKY MOUNTAIN LLC,PA 311-26,FEDERAL,PA 311-26 FEDERAL,ACTUAL,2018/08/25,5637,9396,8529,67350,PARACHUTE,452372,WELL,PR,GW,2018/10/07,ACTUAL LatLong,335330,FEDERAL PA 23-26,2117,S,2393,W,NESW,"26",6S,95W,"6",39.494326,-107.966962,244861,4375838,500,ложь
1238,"04516301","045","16301","05-045-16301",10844,QB ENERGY OPERATING LLC,MF03A-9 D09A 69,N. PARACHUTE,MF03A-9 D09A 69 N. PARACHUTE,ACTUAL,2008/11/07,5652,7820,7735,31290,GRAND VALLEY,297096,WELL,PR,GW,2022/04/01,ACTUAL LatLong,335560,N.PARACHUTE-66S96W 9NWNW,730,N,836,W,NWNW,"9",6S,96W,"6",39.544722,-108.118378,232032,4381873,500,ложь
1243,"04523857","045","23857","05-045-23857",10844,QB ENERGY OPERATING LLC,24A-15 596,NPR H15,24A-15 596 NPR H15,ACTUAL,2018/10/16,6429,9339,9040,31290,GRAND VALLEY,454267,WELL,PA,GW,2022/11/08,ACTUAL LatLong,425805,NPR H15-596,2369,N,62,E,SENE,"15",5S,96W,"6",39.615831,-108.146294,229909,4389851,500,ложь
1252,"04521850","045","21850","05-045-21850",10856,QB ENERGY SERVICES LLC,WD09B-30 N30495,SG,WD09B-30 N30495 SG,ACTUAL,2013/03/24,8308,9445,8561,99999,WILDCAT,431330,WELL,IJ,DSP,2025/02/01,ACTUAL LatLong,431328,SG N30 495,1449,S,2098,W,NESW,"30",4S,95W,"6",39.670053,-108.100224,234072,4395733,500,ложь
1263,"04522671","045","22671","05-045-22671",96850,TEP ROCKY MOUNTAIN LLC,12-10,Federal GM,12-10 Federal GM,ACTUAL,2017/06/15,6148,7144,6798,31290,GRAND VALLEY,440598,WELL,PR,GW,2017/08/11,ACTUAL LatLong,322536,MV 5-10,2124,N,1872,W,SENW,"10",7S,96W,"6",39.452949,-108.096741,233541,4371621,500,ложь
1264,"04519958","045","19958","05-045-19958",96850,TEP ROCKY MOUNTAIN LLC,A1,Frei,A1 Frei,ACTUAL,2014/01/31,5596,1072,,47525,KOKOPELLI,419539,WELL,PA,LO,2024/07/09,Actual LatLong,417777,Frei A Pad,508,S,897,W,Lot 10,"7",6S,91W,"6",39.535887,-107.603339,276268,4379484,500,ложь
1266,"04514692","045","14692","05-045-14692",96850,TEP ROCKY MOUNTAIN LLC,GM 323-36,WILLIAMS,GM 323-36 WILLIAMS,ACTUAL,2007/12/05,5596,7135,7071,31290,GRAND VALLEY,292353,WELL,PA,GW,2016/07/21,ACTUAL LatLong,335145,BARRETT-66S96W 36NESW,2084,S,1708,W,NESW,"36",6S,96W,"6",39.479028,-108.060635,236746,4374410,500,ложь
1271,"04507645","045","07645","05-045-07645",10844,QB ENERGY OPERATING LLC,24-16D,UNOCAL,24-16D UNOCAL,ACTUAL,2001/02/13,5850,7882,7482,31290,GRAND VALLEY,258628,WELL,PR,GW,2020/09/01,ACTUAL LatLong,335206,UNOCAL-66S96W 16LOT 13,1335,S,297,W,NWSW,"16",6S,96W,"6",39.51944,-108.12233,231594,4379078,500,ложь
1272,"04522260","045","22260","05-045-22260",96850,TEP ROCKY MOUNTAIN LLC,GM 421-13,C&C Energy,GM 421-13 C&C Energy,ACTUAL,2014/04/15,5141,6325,5976,31290,GRAND VALLEY,435445,WELL,PR,GW,2017/12/01,ACTUAL LatLong,334722,GM 24-12,273,S,1039,W,SWSW,"12",7S,96W,"6",39.445615,-108.06446,236291,4370712,500,ложь
1273,"04506293","045","06293","05-045-06293",10539,UTAH GAS OP LTD DBA UTAH GAS CORP,"7712",DOUGLAS PASS UNIT,7712 DOUGLAS PASS UNIT,ACTUAL,1981/05/04,7249,6892,0,17920,DOUGLAS PASS,210537,WELL,PA,DA,2016/07/26,ACTUAL LatLong,322452,DOUGLAS PASS UNIT-65S102W 20SWSE,880,S,1635,E,SWSE,"20",5S,102W,"6",39.605474,-108.86447,168192,4391110,500,ложь
1274,"04516022","045","16022","05-045-16022",10844,QB ENERGY OPERATING LLC,"15",596-31C,15 596-31C,ACTUAL,2008/12/15,8533,9710,9619,31290,GRAND VALLEY,296432,WELL,PR,GW,2018/08/17,ACTUAL LatLong,335999,CHEVRON-65S96W 596-31C,2121,S,586,W,LOT 3,"31",5S,96W,"6",39.5702,-108.2153,223802,4384995,500,ложь
1278,"04524173","045","24173","05-045-24173",10844,QB ENERGY OPERATING LLC,24A-14-496,Fed,24A-14-496 Fed,ACTUAL,2019/08/05,8127,12714,12204,31290,GRAND VALLEY,458468,WELL,PR,GW,2020/06/25,ACTUAL LatLong,458475,ELU A24-496 Pad,315,N,144,W,Lot 4,"24",4S,96W,"6",39.694001,-108.125982,231955,4398468,500,ложь
1282,"04518894","045","18894","05-045-18894",10844,QB ENERGY OPERATING LLC,25-15A (C31E),SHIDELER,25-15A (C31E) SHIDELER,ACTUAL,2010/04/29,6755,8936,8319,52500,MAMM CREEK,414771,WELL,SI,GW,2025/06/01,ACTUAL LatLong,414530,SHIDELER 25-9C1 (C31E),275,N,533,W,NENW,"31",7S,92W,"6",39.409228,-107.712246,266484,4365701,500,ложь
1285,"04523179","045","23179","05-045-23179",10844,QB ENERGY OPERATING LLC,"23D-19",Puckett,23D-19 Puckett,ACTUAL,2018/02/19,8167,10187,9259,31290,GRAND VALLEY,445844,WELL,PR,GW,2018/07/22,ACTUAL LatLong,445862,Mesa P24-697,616,S,641,E,SESE,"24",6S,97W,"6",39.503002,-108.161756,228140,4377372,500,ложь
1287,"04523712","045","23712","05-045-23712",96850,TEP ROCKY MOUNTAIN LLC,PA 612-26,FEDERAL,PA 612-26 FEDERAL,ACTUAL,2018/07/20,5637,8927,8308,67350,PARACHUTE,452365,WELL,PR,GW,2018/10/15,ACTUAL LatLong,335330,FEDERAL PA 23-26,2126,S,2378,W,NESW,"26",6S,95W,"6",39.494351,-107.967019,244856,4375841,500,ложь
1291,"04513196","045","13196","05-045-13196",10844,QB ENERGY OPERATING LLC,1-44B,DUTTON FAMILY LIMITED,1-44B DUTTON FAMILY LIMITED,ACTUAL,2008/04/26,6078,6775,6714,67350,PARACHUTE,288332,WELL,SI,GW,2025/02/01,ACTUAL LatLong,334368,DUTTON FAMILY LIMITED-68S96W 1SESE,931,S,1290,E,SESE,"1",8S,96W,"6",39.374901,-108.052931,237018,4362828,500,ложь
1293,"04524360","045","24360","05-045-24360",96850,TEP ROCKY MOUNTAIN LLC,GM 32-19,CHEVRON,GM 32-19 CHEVRON,ACTUAL,2020/12/18,5748,7783,6830,31290,GRAND VALLEY,476786,WELL,PR,GW,2021/05/06,ACTUAL LatLong,335426,CHEVRON GM 12-20,1914,N,630,W,SWNW,"20",6S,96W,"6",39.511804,-108.139633,230077,4378282,500,ложь
1294,"04520424","045","20424","05-045-20424",96850,TEP ROCKY MOUNTAIN LLC,B13,DIXON FED CA,B13 DIXON FED CA,ACTUAL,2011/07/13,5513,7505,7479,52500,MAMM CREEK,421653,WELL,PR,GW,2022/02/01,ACTUAL LatLong,311696,Dixon Federal B Pad,1578,S,772,W,NWSW,"15",6S,92W,"6",39.524111,-107.659729,271382,4378319,500,ложь
1295,"04523288","045","23288","05-045-23288",96850,TEP ROCKY MOUNTAIN LLC,SR 321-12,YOUBERG,SR 321-12 YOUBERG,ACTUAL,2017/05/20,7254,9680,9323,75400,RULISON,447638,WELL,PR,GW,2017/08/05,ACTUAL LatLong,324061,YOUBERG RU 32-12,1868,N,2130,E,SWNE,"12",7S,94W,"6",39.455481,-107.833956,256165,4371158,500,ложь
1296,"04521942","045","21942","05-045-21942",10844,QB ENERGY OPERATING LLC,6-12DD (J6SEB),HMU,6-12DD (J6SEB) HMU,ACTUAL,2013/08/17,7143,10124,9939,52500,MAMM CREEK,432282,WELL,PR,GW,2021/07/01,ACTUAL LatLong,432265,Mamm Creek J6SEB,1945,S,1919,E,NWSE,"6",8S,92W,"6",39.387447,-107.706178,266934,4363268,500,ложь
1297,"04523129","045","23129","05-045-23129",96850,TEP ROCKY MOUNTAIN LLC,RU 523-7,Youberg,RU 523-7 Youberg,ACTUAL,2016/08/02,7338,9660,9433,75400,RULISON,445634,WELL,PR,GW,2016/11/28,ACTUAL LatLong,323942,Youberg RU 22-7,2023,N,1887,W,SENW,"7",7S,93W,"6",39.456907,-107.819746,257392,4371278,500,ложь
1300,"04523314","045","23314","05-045-23314",96850,TEP ROCKY MOUNTAIN LLC,22B-18-07-95,BMC D,22B-18-07-95 BMC D,ACTUAL,2017/03/22,5268,6356,6266,99999,WILDCAT,447702,WELL,PR,GW,2018/08/25,ACTUAL LatLong,446582,BMC D PAD,1254,N,2331,W,NENW,"18",7S,95W,"6",39.441531,-108.040678,238323,4370189,500,ложь
1304,"04512628","045","12628","05-045-12628",96850,TEP ROCKY MOUNTAIN LLC,C8,SNYDER,C8 SNYDER,ACTUAL,2007/08/25,5363,8820,8638,52500,MAMM CREEK,286234,WELL,PR,GW,2025/06/01,ACTUAL LatLong,336021,SNYDER-66S93W 12SESE,779,S,366,E,SESE,"12",6S,93W,"6",39.535759,-107.716433,266547,4379757,500,ложь
1306,"04510909","045","10909","05-045-10909",96850,TEP ROCKY MOUNTAIN LLC,B1,NORTH BANK,B1 NORTH BANK,ACTUAL,2006/05/09,5412,9031,9013,52500,MAMM CREEK,278666,WELL,PR,GW,2025/06/01,ACTUAL LatLong,311621,NORTH BANK-66S93W 12NENE,1311,N,597,E,NENE,"12",6S,93W,"6",39.544601,-107.717315,266501,4380741,500,ложь
1307,"04512331","045","12331","05-045-12331",10844,QB ENERGY OPERATING LLC,WF01C K25 596,N.PARACHUTE,WF01C K25 596 N.PARACHUTE,ACTUAL,2007/06/06,5917,10130,8567,31290,GRAND VALLEY,284982,WELL,PR,GW,2025/05/01,ACTUAL LatLong,311649,N.PARACHUTE-65S96W 25NESW,1932,S,2341,W,NESW,"25",5S,96W,"6",39.584209,-108.119072,232124,4386259,500,ложь
1311,"04523295","045","23295","05-045-23295",96850,TEP ROCKY MOUNTAIN LLC,SR 432-12,YOUBERG,SR 432-12 YOUBERG,ACTUAL,2017/09/13,7254,9338,9294,75400,RULISON,447645,WELL,PR,GW,2018/01/18,ACTUAL LatLong,324061,YOUBERG RU 32-12,1948,N,2110,E,SWNE,"12",7S,94W,"6",39.455261,-107.833881,256170,4371133,500,ложь
1315,"04512741","045","12741","05-045-12741",96850,TEP ROCKY MOUNTAIN LLC,16-22 B,FURR,16-22 B FURR,ACTUAL,2007/04/20,7118,8520,8465,67350,PARACHUTE,286726,WELL,PR,GW,2024/08/01,ACTUAL LatLong,335024,Furr F-02 Pad,337,S,282,E,SESE,"22",7S,95W,"6",39.4167,-107.9751,243876,4367244,500,ложь
1320,"04516214","045","16214","05-045-16214",10844,QB ENERGY OPERATING LLC,33A-24D,PUCKETT,33A-24D PUCKETT,ACTUAL,2010/06/30,8142,9080,9049,31290,GRAND VALLEY,296915,WELL,PR,GW,2025/06/01,ACTUAL LatLong,335519,PUCKETT-66S97W 24SWNE,2581,N,2518,E,SWNE,"24",6S,97W,"6",39.50858,-108.16833,227597,4378011,500,ложь
1322,"04515268","045","15268","05-045-15268",10844,QB ENERGY OPERATING LLC,EF01A-28 A28B 5,N. PARACHUTE,EF01A-28 A28B 5 N. PARACHUTE,ACTUAL,2010/01/06,6320,9985,9927,31290,GRAND VALLEY,294137,WELL,PR,GW,2024/07/01,ACTUAL LatLong,335816,N. PARACHUTE-65S95W 28NENE,497,N,481,E,NENE,"28",5S,95W,"6",39.590667,-108.05167,237938,4386777,500,ложь
1325,"04511037","045","11037","05-045-11037",10844,QB ENERGY OPERATING LLC,18-434D,CHEVRON,18-434D CHEVRON,ACTUAL,2005/11/29,5830,7925,7048,31290,GRAND VALLEY,279436,WELL,PR,GW,2024/10/01,ACTUAL LatLong,335161,CHEVRON D20 696,1162,N,834,W,NWNW,"20",6S,96W,"6",39.513882,-108.138932,230145,4378511,500,ложь
1330,"04521621","045","21621","05-045-21621",10844,QB ENERGY OPERATING LLC,31-9BB (K31E),Shideler Fee,31-9BB (K31E) Shideler Fee,ACTUAL,2012/08/17,6899,9520,9058,52500,MAMM CREEK,429535,WELL,SI,GW,2025/06/01,ACTUAL LatLong,324267,SHIDELER 31-6DD (K31E),2163,S,1394,W,NESW,"31",7S,92W,"6",39.401709,-107.709069,266732,4364858,500,ложь
1331,"04509917","045","09917","05-045-09917",10844,QB ENERGY OPERATING LLC,36-15D (N36NWB),BENZEL,36-15D (N36NWB) BENZEL,ACTUAL,2004/05/12,6034,8075,7693,52500,MAMM CREEK,271628,WELL,PR,GW,2024/09/01,ACTUAL LatLong,334967,BENZEL-66S93W 36SESW,881,S,1486,W,SESW,"36",6S,93W,"6",39.47828,-107.72794,265364,4373407,500,ложь
1336,"04521092","045","21092","05-045-21092",10844,QB ENERGY OPERATING LLC,23A-15 596,NPR H15,23A-15 596 NPR H15,ACTUAL,2018/09/19,6429,9400,9164,31290,GRAND VALLEY,425834,WELL,PR,GW,2024/07/01,ACTUAL LatLong,425805,NPR H15-596,2341,N,74,E,SENE,"15",5S,96W,"6",39.615907,-108.146336,229905,4389859,500,ложь
1341,"04523846","045","23846","05-045-23846",96850,TEP ROCKY MOUNTAIN LLC,PA 643-26,TRI STATE TRUCKING,PA 643-26 TRI STATE TRUCKING,ACTUAL,2018/02/01,5224,8510,7932,67350,PARACHUTE,453635,WELL,PR,GW,2018/04/10,ACTUAL LatLong,335123,Tri State Trucking PA 22-25,2285,N,1932,W,SENW,"25",6S,95W,"6",39.496883,-107.94957,246366,4376073,500,ложь
1343,"04513972","045","13972","05-045-13972",10844,QB ENERGY OPERATING LLC,32A-7D,CHEVRON,32A-7D CHEVRON,ACTUAL,2008/02/04,6245,8070,7883,31290,GRAND VALLEY,290074,WELL,PR,GW,2019/04/01,ACTUAL LatLong,335881,CHEVRON-66S96W 7SWNW,2303,N,2552,W,SENW,"7",6S,96W,"6",39.53831,-108.15036,229258,4381257,500,ложь
1344,"04513067","045","13067","05-045-13067",96850,TEP ROCKY MOUNTAIN LLC,GM 442-36,FEDERAL,GM 442-36 FEDERAL,ACTUAL,2007/06/06,6038,7560,7549,31290,GRAND VALLEY,287818,WELL,PR,GW,2022/11/01,ACTUAL LatLong,335177,DOE-66S96W 36SWNE,1661,N,1349,E,SWNE,"36",6S,96W,"6",39.482236,-108.053469,237375,4374745,500,ложь
1345,"04510631","045","10631","05-045-10631",96850,TEP ROCKY MOUNTAIN LLC,RWF 42-18,FEDERAL,RWF 42-18 FEDERAL,ACTUAL,2005/08/15,5889,8300,7898,75400,RULISON,277192,WELL,PR,GW,2021/11/01,ACTUAL LatLong,335412,FEDERAL-66S94W 18NESE,1925,S,417,E,NESE,"18",6S,94W,"6",39.522946,-107.922796,248763,4378891,500,ложь
1347,"04517760","045","17760","05-045-17760",10844,QB ENERGY OPERATING LLC,MF05B-9 D09A 69,N. PARACHUTE,MF05B-9 D09A 69 N. PARACHUTE,ACTUAL,2008/12/08,5652,7720,7558,31290,GRAND VALLEY,299813,WELL,SI,GW,2024/05/01,ACTUAL LatLong,335560,N.PARACHUTE-66S96W 9NWNW,783,N,816,W,NWNW,"9",6S,96W,"6",39.544573,-108.118449,232025,4381857,500,ложь
1351,"04523923","045","23923","05-045-23923",96850,TEP ROCKY MOUNTAIN LLC,NR 11-3,CLOUGH,NR 11-3 CLOUGH,ACTUAL,2018/07/13,6719,11176,10075,75400,RULISON,454656,WELL,PR,GW,2018/11/14,ACTUAL LatLong,422211,Clough NR 23-3,1865,S,1751,W,NESW,"3",6S,94W,"6",39.552652,-107.877325,252777,4382063,500,ложь
1356,"04515114","045","15114","05-045-15114",10844,QB ENERGY OPERATING LLC,13-8D,CHEVRON,13-8D CHEVRON,ACTUAL,2008/02/10,8269,9435,9285,31290,GRAND VALLEY,293717,WELL,PR,GW,2025/06/01,ACTUAL LatLong,335616,CHEVRON J13 697,2168,S,1986,E,NWSE,"13",6S,97W,"6",39.521619,-108.166467,227808,4379453,500,ложь
1359,"04510322","045","10322","05-045-10322",10844,QB ENERGY OPERATING LLC,22C-31D,PUCKETT,22C-31D PUCKETT,ACTUAL,2004/11/15,6464,7383,7275,31290,GRAND VALLEY,274056,WELL,PR,GW,2025/07/01,ACTUAL LatLong,335390,PUCKETT-66S96W 31SWNE,2095,N,1937,E,SWNE,"31",6S,96W,"6",39.481,-108.14858,229188,4374890,500,ложь
1364,"04508217","045","08217","05-045-08217",10844,QB ENERGY OPERATING LLC,236-25,PUCKETT,236-25 PUCKETT,ACTUAL,2002/09/03,8250,8885,8885,31290,GRAND VALLEY,264434,WELL,PR,GW,2023/09/01,ACTUAL LatLong,324203,PUCKETT-66S97W 25NESW,1651,S,1648,W,NESW,"25",6S,97W,"6",39.4913,-108.172204,227196,4376104,500,ложь
1365,"04510975","045","10975","05-045-10975",10433,LARAMIE ENERGY LLC,28-11,LOGAN TRAIL FEDERAL,28-11 LOGAN TRAIL FEDERAL,ACTUAL,2005/09/28,5915,6654,5848,31290,GRAND VALLEY,279042,WELL,PA,DSP,2017/08/21,ACTUAL LatLong,335057,Logan Trail Federal 28-10 Pad,1738,S,989,E,NESE,"28",7S,97W,"6",39.41432,-108.21869,222892,4367701,500,ложь
1367,"04521933","045","21933","05-045-21933",10433,LARAMIE ENERGY LLC,9-11BH,Homer Deep Unit,9-11BH Homer Deep Unit,ACTUAL,2014/12/06,5549,17343,7437,68808,PICEANCE HORIZONTAL MANCOS,432257,WELL,PR,GW,2018/09/11,ACTUAL LatLong,432255,Homer Deep Unit 9-11,297,N,392,W,NWNW,"9",8S,98W,"6",39.380156,-108.339513,212347,4364286,500,ложь
1370,"04523756","045","23756","05-045-23756",10844,QB ENERGY OPERATING LLC,22D-10-596,NPR,22D-10-596 NPR,ACTUAL,2018/01/02,6708,10007,9564,31290,GRAND VALLEY,452653,WELL,PR,GW,2025/07/01,ACTUAL LatLong,335676,NPR K10-596,1907,S,2479,W,NESW,"10",5S,96W,"6",39.627563,-108.155982,229123,4391182,500,ложь
1372,"04518470","045","18470","05-045-18470",96850,TEP ROCKY MOUNTAIN LLC,22-15C,FURR,22-15C FURR,ACTUAL,2009/08/29,6991,8115,8090,67350,PARACHUTE,412500,WELL,PR,GW,2024/05/01,ACTUAL LatLong,413541,FURR 22-15A,773,S,1511,E,SWSE,"22",7S,95W,"6",39.4179,-107.97946,243505,4367390,500,ложь
1378,"04522804","045","22804","05-045-22804",96850,TEP ROCKY MOUNTAIN LLC,32D-17-07-95,WATSON RANCH B,32D-17-07-95 WATSON RANCH B,ACTUAL,2015/03/17,5574,7298,6692,67350,PARACHUTE,440708,WELL,PR,GW,2023/09/01,ACTUAL LatLong,440705,Watson Ranch B Pad,1069,S,1965,W,SESW,"17",7S,95W,"6",39.433396,-108.023408,239779,4369236,500,ложь
1379,"04512101","045","12101","05-045-12101",10844,QB ENERGY OPERATING LLC,8-6 (K8W),GMR,8-6 (K8W) GMR,ACTUAL,2010/07/04,7826,11024,10878,75400,RULISON,284219,WELL,PR,GW,2022/01/01,ACTUAL LatLong,311645,GMR 8-6 (K8W),1928,S,1930,W,NESW,"8",7S,93W,"6",39.458121,-107.799894,259105,4371359,500,ложь
1382,"04507516","045","07516","05-045-07516",10844,QB ENERGY OPERATING LLC,14-9 (J14),ROSE RANCH,14-9 (J14) ROSE RANCH,ACTUAL,2000/05/15,6592,7735,7364,52500,MAMM CREEK,257130,WELL,PA,GW,2020/06/21,ACTUAL LatLong,334592,ROSE RANCH-67S93W 14NWSE,2090,S,2540,E,NWSE,"14",7S,93W,"6",39.44413,-107.74177,264059,4369652,500,ложь
1383,"04515088","045","15088","05-045-15088",10844,QB ENERGY OPERATING LLC,"15",596-31A,15 596-31A,ACTUAL,2008/09/21,8433,9812,9768,31290,GRAND VALLEY,293652,WELL,PR,GW,2018/07/01,ACTUAL LatLong,335875,596-31A-65S96W 31NWNE,824,N,1685,E,NWNE,"31",5S,96W,"6",39.57661,-108.20817,224440,4385685,500,ложь
1385,"04524387","045","24387","05-045-24387",10844,QB ENERGY OPERATING LLC,14D-23-496,BJU M23A FED,14D-23-496 BJU M23A FED,ACTUAL,2023/11/25,8109,12060,12050,31290,GRAND VALLEY,478270,WELL,PR,OW,2025/04/01,ACTUAL LatLong,478266,BJU M23A-496 Pad,1294,S,1291,W,SWSW,"23",4S,96W,"6",39.68412,-108.140825,230644,4397415,500,ложь
1387,"04515643","045","15643","05-045-15643",10433,LARAMIE ENERGY LLC,697-16-40B,CC,697-16-40B CC,ACTUAL,2008/07/18,7008,8017,7367,31290,GRAND VALLEY,295013,WELL,PR,GW,2021/09/01,ACTUAL LatLong,335203,CC 0697-16D Pad,477,S,2062,E,SWSE,"16",6S,97W,"6",39.516991,-108.222698,222955,4379111,500,ложь
1388,"04524463","045","24463","05-045-24463",96850,TEP ROCKY MOUNTAIN LLC,NR 544-36,FEDERAL,NR 544-36 FEDERAL,ACTUAL,2022/06/24,6730,11198,10055,75400,RULISON,479164,WELL,PR,OW,2022/11/01,ACTUAL LatLong,422211,Clough NR 23-3,2442,S,1254,W,NWSW,"3",6S,94W,"6",39.554268,-107.879127,252628,4382247,500,ложь
1390,"04516944","045","16944","05-045-16944",16700,CHEVRON USA INC,598-36-BV-04,SKR,598-36-BV-04 SKR,ACTUAL,2009/02/26,6035,6460,6054,77548,SKINNER RIDGE,297744,WELL,SI,GW,2024/07/01,ACTUAL LatLong,336048,SKR-65S98W 36NWSW,1397,S,486,W,NWSW,"36",5S,98W,"6",39.566742,-108.346616,212506,4385023,500,ложь
1398,"04507663","045","07663","05-045-07663",10844,QB ENERGY OPERATING LLC,36-7 (K36),DEVER,36-7 (K36) DEVER,ACTUAL,2001/04/19,5989,7195,,52500,MAMM CREEK,258808,WELL,PR,GW,2025/03/01,ACTUAL LatLong,334975,DEVER-66S93W 36NESW,2151,S,1974,W,NESW,"36",6S,93W,"6",39.48179,-107.72632,265515,4373792,500,ложь
1401,"04512681","045","12681","05-045-12681",10844,QB ENERGY OPERATING LLC,1-9 (PH1),FEDERAL,1-9 (PH1) FEDERAL,ACTUAL,2006/12/09,6116,6220,6003,67350,PARACHUTE,286457,WELL,SI,GW,2025/08/01,ACTUAL LatLong,334162,FEDERAL-68S96W 1SENE,1985,N,855,E,SENE,"1",8S,96W,"6",39.3814,-108.05151,237164,4363545,500,ложь
1403,"04518561","045","18561","05-045-18561",10844,QB ENERGY OPERATING LLC,41B-8,Savage,41B-8 Savage,ACTUAL,2016/03/27,6468,8893,8858,75400,RULISON,412726,WELL,PR,GW,2016/12/01,ACTUAL LatLong,413476,Savage 8A-794,562,N,1172,E,NENE,"8",7S,94W,"6",39.458318,-107.906193,249958,4371671,500,ложь
1405,"04523371","045","23371","05-045-23371",10844,QB ENERGY OPERATING LLC,22B-26-697,Puckett,22B-26-697 Puckett,ACTUAL,2017/01/11,8396,9106,8889,31290,GRAND VALLEY,448182,WELL,PR,GW,2017/09/04,ACTUAL LatLong,416157,Puckett 697-26A,877,N,1409,E,NWNE,"26",6S,97W,"6",39.498831,-108.18305,226293,4376973,500,ложь
1406,"04523504","045","23504","05-045-23504",96850,TEP ROCKY MOUNTAIN LLC,313-4,GM,313-4 GM,ACTUAL,2017/08/27,5977,7288,6681,31290,GRAND VALLEY,450236,WELL,PR,GW,2017/12/11,ACTUAL LatLong,334816,MV 34-5,753,S,892,E,LOT 7,"5",7S,96W,"6",39.461098,-108.125506,231096,4372611,500,ложь
1409,"04518990","045","18990","05-045-18990",96850,TEP ROCKY MOUNTAIN LLC,12D-33-691,GGU FED,12D-33-691 GGU FED,ACTUAL,2010/01/31,6373,7680,7596,52500,MAMM CREEK,415139,WELL,PR,GW,2018/10/01,ACTUAL LatLong,415116,FED (MDP PAD 4) 22C-33-691,2071,N,93,W,SWNW,"33",6S,91W,"6",39.486075,-107.567911,279155,4373867,500,ложь
1413,"04514118","045","14118","05-045-14118",10844,QB ENERGY OPERATING LLC,12A-18D,PUCKETT,12A-18D PUCKETT,ACTUAL,2007/08/24,8637,8852,8810,31290,GRAND VALLEY,290466,WELL,SI,GW,2025/03/01,ACTUAL LatLong,334704,PUCKETT-67S96W 18NWNW,705,N,597,W,NWNW,"18",7S,96W,"6",39.44267,-108.15708,228308,4370660,500,ложь
1415,"04512175","045","12175","05-045-12175",10844,QB ENERGY OPERATING LLC,1-33B,WALLING,1-33B WALLING,ACTUAL,2006/05/20,6005,6590,6573,67350,PARACHUTE,284419,WELL,PR,GW,2021/08/01,ACTUAL LatLong,334062,WALLING-68S96W 1NWSE,2399,N,2258,E,NWSE,"1",8S,96W,"6",39.378745,-108.056444,236729,4363265,500,ложь
1419,"04514897","045","14897","05-045-14897",10844,QB ENERGY OPERATING LLC,7-23C (SGV 7N),M DUTTON,7-23C (SGV 7N) M DUTTON,ACTUAL,2008/04/04,6125,7198,6964,67350,PARACHUTE,293143,WELL,SI,GW,2025/02/01,ACTUAL LatLong,334127,M. DUTTON-68S95W 7SWSW,948,S,1237,W,SWSW,"7",8S,95W,"6",39.373221,-108.04403,237778,4362616,500,ложь
1427,"04519952","045","19952","05-045-19952",96850,TEP ROCKY MOUNTAIN LLC,A4,Frei,A4 Frei,ACTUAL,2014/02/05,5596,1054,,47525,KOKOPELLI,419530,WELL,PA,LO,2024/07/09,Actual LatLong,417777,Frei A Pad,470,S,891,W,Lot 10,"7",6S,91W,"6",39.535785,-107.603358,276266,4379473,500,ложь
1429,"04513130","045","13130","05-045-13130",10844,QB ENERGY OPERATING LLC,35-24C,RICHARDSON,35-24C RICHARDSON,ACTUAL,2007/01/20,5438,5960,5953,31290,GRAND VALLEY,288022,WELL,PR,GW,2021/09/01,ACTUAL LatLong,334181,COTNER-67S96W 35SESW,504,S,1773,W,SESW,"35",7S,96W,"6",39.387806,-108.080044,234730,4364340,500,ложь
1431,"04513978","045","13978","05-045-13978",10844,QB ENERGY OPERATING LLC,33D-7D,CHEVRON,33D-7D CHEVRON,ACTUAL,2008/02/17,6246,8104,7790,31290,GRAND VALLEY,290068,WELL,PR,GW,2019/04/01,ACTUAL LatLong,335881,CHEVRON-66S96W 7SWNW,2305,N,2507,W,SENW,"7",6S,96W,"6",39.53825,-108.15058,229239,4381251,500,ложь
1435,"04515497","045","15497","05-045-15497",10844,QB ENERGY OPERATING LLC,CP12D-23 M23 49,SGU,CP12D-23 M23 49 SGU,ACTUAL,2008/08/11,8042,12160,11975,85251,UNNAMED,408,WELL,SI,GW,2025/02/01,ACTUAL LatLong,335680,SGU-64S96W 23SWSW,285,S,731,W,SWSW,"23",4S,96W,"6",39.681356,-108.142794,230464,4397115,500,ложь
1436,"04514980","045","14980","05-045-14980",10844,QB ENERGY OPERATING LLC,CP08B-16 B16 59,N. PARACHUTE,CP08B-16 B16 59 N. PARACHUTE,ACTUAL,2008/02/22,8344,11075,10776,31290,GRAND VALLEY,293428,WELL,PR,GW,2021/02/01,ACTUAL LatLong,335967,NPR B16-596 Pad,509,N,2109,E,NWNE,"16",5S,96W,"6",39.620931,-108.172251,227700,4390495,500,ложь
1438,"04515681","045","15681","05-045-15681",10844,QB ENERGY OPERATING LLC,26-34C,PARACHUTE RANCH,26-34C PARACHUTE RANCH,ACTUAL,2009/09/15,5280,5426,5385,31290,GRAND VALLEY,295170,WELL,PR,GW,2021/12/01,ACTUAL LatLong,334405,PARACHUTE RANCH-67S96W 26SWSE,837,S,2353,E,SWSE,"26",7S,96W,"6",39.403724,-108.07586,235151,4366095,500,ложь
1442,"04513756","045","13756","05-045-13756",10844,QB ENERGY OPERATING LLC,43D-7D,CHEVRON,43D-7D CHEVRON,ACTUAL,2007/03/31,6037,7900,7613,31290,GRAND VALLEY,289425,WELL,PR,GW,2025/08/01,ACTUAL LatLong,335652,CHEVRON-66S96W 7SENE,2105,N,1003,E,SENE,"7",6S,96W,"6",39.53881,-108.14383,229821,4381293,500,ложь
1443,"04523670","045","23670","05-045-23670",96850,TEP ROCKY MOUNTAIN LLC,RU 441-17,FEDERAL,RU 441-17 FEDERAL,ACTUAL,2021/08/04,7859,10048,9979,75400,RULISON,452008,WELL,PR,GW,2021/11/23,ACTUAL LatLong,452011,FEDERAL RU 31-17,1011,N,2178,E,NWNE,"17",7S,93W,"6",39.450013,-107.795842,259426,4370448,500,ложь
1444,"04511111","045","11111","05-045-11111",96850,TEP ROCKY MOUNTAIN LLC,RWF 421-15,CLOUGH,RWF 421-15 CLOUGH,ACTUAL,2006/05/31,5770,8849,8670,75400,RULISON,279926,WELL,PR,GW,2022/08/01,ACTUAL LatLong,335571,CLOUGH RWF 311-15,1498,N,1244,W,SWNW,"15",6S,94W,"6",39.528354,-107.879401,252513,4379371,500,ложь
1449,"04518447","045","18447","05-045-18447",10844,QB ENERGY OPERATING LLC,9-13B (N9W),HMU,9-13B (N9W) HMU,ACTUAL,2009/06/08,7332,9656,9465,52500,MAMM CREEK,412223,WELL,PR,GW,2022/06/01,ACTUAL LatLong,334766,GMR-67S93W 9SESW,209,S,1743,W,SESW,"9",7S,93W,"6",39.453424,-107.78209,260621,4370790,500,ложь
1454,"04523942","045","23942","05-045-23942",96850,TEP ROCKY MOUNTAIN LLC,SG 443-26,5-MILE RANCH,SG 443-26 5-MILE RANCH,ACTUAL,2018/11/11,5076,6033,5237,31290,GRAND VALLEY,454967,WELL,PR,GW,2019/01/14,ACTUAL LatLong,334745,5-Mile Ranch SG 32-26,1840,N,2374,E,LOT 6,"26",7S,96W,"6",39.410644,-108.075766,235185,4366863,500,ложь
1455,"04514080","045","14080","05-045-14080",96850,TEP ROCKY MOUNTAIN LLC,RWF 24-10,FEDERAL,RWF 24-10 FEDERAL,ACTUAL,2007/08/14,5869,8936,8843,75400,RULISON,290309,WELL,PR,GW,2022/09/01,ACTUAL LatLong,335615,FEDERAL-66S94W 10NESW,1895,S,2363,W,NESW,"10",6S,94W,"6",39.537691,-107.87506,252919,4380396,500,ложь
1456,"04512392","045","12392","05-045-12392",96850,TEP ROCKY MOUNTAIN LLC,A3,NORTH BANK,A3 NORTH BANK,ACTUAL,2006/06/21,5393,8097,8085,52500,MAMM CREEK,285158,WELL,PR,GW,2020/01/01,ACTUAL LatLong,336016,NORTH BANK-66S93W 12SENW,1832,N,2541,W,SENW,"12",6S,93W,"6",39.543138,-107.724918,265842,4380598,500,ложь
1457,"04509920","045","09920","05-045-09920",10844,QB ENERGY OPERATING LLC,1-5D (N36NWB),BENZEL,1-5D (N36NWB) BENZEL,ACTUAL,2004/04/08,6036,7800,7614,52500,MAMM CREEK,271631,WELL,PR,GW,2024/09/01,ACTUAL LatLong,334967,BENZEL-66S93W 36SESW,876,S,1426,W,SESW,"36",6S,93W,"6",39.47827,-107.72815,265346,4373406,500,ложь
1460,"04522853","045","22853","05-045-22853",10844,QB ENERGY OPERATING LLC,31B-1,Puckett,31B-1 Puckett,ACTUAL,2015/09/14,8341,9415,8931,31290,GRAND VALLEY,441646,WELL,PR,GW,2022/03/01,ACTUAL LatLong,441653,Mesa E1-797,2074,N,1354,W,SENW,"1",7S,97W,"6",39.476108,-108.173208,227050,4374421,500,ложь
1463,"04513924","045","13924","05-045-13924",96850,TEP ROCKY MOUNTAIN LLC,RWF 541-11,FEDERAL,RWF 541-11 FEDERAL,ACTUAL,2007/08/01,5618,9128,8946,75400,RULISON,289939,WELL,PR,GW,2022/07/01,ACTUAL LatLong,335638,FEDERAL-66S94W 11SWNE,1335,N,1420,E,SWNE,"11",6S,94W,"6",39.543894,-107.851142,254997,4381019,500,ложь
1469,"04523283","045","23283","05-045-23283",10844,QB ENERGY OPERATING LLC,42C-23,Puckett,42C-23 Puckett,ACTUAL,2016/11/07,8535,9615,9194,31290,GRAND VALLEY,447170,WELL,SI,GW,2025/07/01,ACTUAL LatLong,335512,Mesa C23-697,309,N,1820,E,NWNE,"23",6S,97W,"6",39.514881,-108.184514,226230,4378760,500,ложь
1473,"04516834","045","16834","05-045-16834",96850,TEP ROCKY MOUNTAIN LLC,17-21D,NLW CONN CREEK,17-21D NLW CONN CREEK,ACTUAL,2008/08/17,5689,6260,6256,31290,GRAND VALLEY,297303,WELL,PR,GW,2023/04/01,ACTUAL LatLong,324441,NLW CONN CREEK-67S97W 17NENW,136,N,2084,W,NENW,"17",7S,97W,"6",39.452636,-108.245029,220777,4372035,500,ложь
1474,"04523917","045","23917","05-045-23917",96850,TEP ROCKY MOUNTAIN LLC,NR 344-3,CLOUGH,NR 344-3 CLOUGH,ACTUAL,2018/11/18,6719,10715,9871,75400,RULISON,454650,WELL,PR,GW,2019/02/19,ACTUAL LatLong,422211,Clough NR 23-3,1812,S,1793,W,NESW,"3",6S,94W,"6",39.552506,-107.877177,252790,4382046,500,ложь
1479,"04510889","045","10889","05-045-10889",10844,QB ENERGY OPERATING LLC,WF09D O23 596,N.PARACHUTE,WF09D O23 596 N.PARACHUTE,ACTUAL,2006/01/13,6086,9094,8617,31290,GRAND VALLEY,278575,WELL,PR,GW,2018/12/01,ACTUAL LatLong,335656,N.PARACHUTE-65S96W 23SWSE,750,S,2141,E,SWSE,"23",5S,96W,"6",39.595456,-108.134972,230802,4387555,500,ложь
1482,"04520973","045","20973","05-045-20973",10433,LARAMIE ENERGY LLC,697-08-12A,Cascade Creek,697-08-12A Cascade Creek,ACTUAL,2012/03/09,8400,8930,8845,31290,GRAND VALLEY,424846,WELL,PR,GW,2021/09/01,ACTUAL LatLong,424797,Cascade Creek 697-08A,396,N,1827,W,NENW,"8",6S,97W,"6",39.5436,-108.24637,221026,4382138,500,ложь
1484,"04509136","045","09136","05-045-09136",10844,QB ENERGY OPERATING LLC,25-14 (N25),BENZEL,25-14 (N25) BENZEL,ACTUAL,2003/03/26,5906,7935,0,52500,MAMM CREEK,266251,WELL,PR,GW,2023/09/01,ACTUAL LatLong,335385,BENZEL-66S93W 25SESW,674,S,1994,W,SESW,"25",6S,93W,"6",39.4923,-107.72641,265543,4374959,500,ложь
1485,"04509134","045","09134","05-045-09134",10844,QB ENERGY OPERATING LLC,25-14B (N25),BENZEL,25-14B (N25) BENZEL,ACTUAL,2003/05/02,5906,7530,7410,52500,MAMM CREEK,266253,WELL,PR,GW,2023/09/01,ACTUAL LatLong,335385,BENZEL-66S93W 25SESW,702,S,2022,W,SESW,"25",6S,93W,"6",39.49237,-107.72631,265552,4374967,500,ложь
1490,"04516023","045","16023","05-045-16023",10844,QB ENERGY OPERATING LLC,"17",596-31C,17 596-31C,ACTUAL,2009/12/13,8534,9805,9579,31290,GRAND VALLEY,296433,WELL,PR,GW,2018/08/01,ACTUAL LatLong,335999,CHEVRON-65S96W 596-31C,2114,S,584,W,LOT 3,"31",5S,96W,"6",39.57018,-108.2153,223802,4384993,500,ложь
1492,"04515136","045","15136","05-045-15136",10433,LARAMIE ENERGY LLC,697-09-44B,CASCADE CREEK,697-09-44B CASCADE CREEK,ACTUAL,2008/09/28,8286,9361,9239,31290,GRAND VALLEY,293834,WELL,PR,GW,2018/10/22,ACTUAL LatLong,335889,Cascade Creek 697-09-61,317,S,2265,E,SWSE,"9",6S,97W,"6",39.531091,-108.223497,222942,4380679,500,ложь
1497,"04523230","045","23230","05-045-23230",96850,TEP ROCKY MOUNTAIN LLC,RU 412-7,Youberg,RU 412-7 Youberg,ACTUAL,2016/08/21,7338,9652,9418,75400,RULISON,446083,WELL,PR,GW,2016/10/01,ACTUAL LatLong,323942,Youberg RU 22-7,2007,N,1894,W,SENW,"7",7S,93W,"6",39.456966,-107.819722,257395,4371284,500,ложь
1499,"04521882","045","21882","05-045-21882",10844,QB ENERGY OPERATING LLC,15A-27-496,SG,15A-27-496 SG,ACTUAL,2019/07/05,8106,12100,11507,31290,GRAND VALLEY,431750,WELL,PR,GW,2019/11/01,ACTUAL LatLong,335939,SG L27 496,1811,S,1080,W,NWSW,"27",4S,96W,"6",39.671034,-108.160295,228922,4396021,500,ложь
1500,"04506024","045","06024","05-045-06024",10539,UTAH GAS OP LTD DBA UTAH GAS CORP,1-2,FEDERAL-CARBONERA,1-2 FEDERAL-CARBONERA,ACTUAL,1972/10/29,5717,4140,4140,77750,SOUTH CANYON,210268,WELL,PR,GW,2025/08/01,ACTUAL LatLong,322317,FEDERAL-CARBONERA-67S104W 2NWNW,660,N,660,W,NWNW,"2",7S,104W,"6",39.487014,-108.962232,159215,4378323,500,ложь
1501,"04514361","045","14361","05-045-14361",10844,QB ENERGY OPERATING LLC,44B-7D,PUCKETT,44B-7D PUCKETT,ACTUAL,2011/07/11,8360,8980,8760,31290,GRAND VALLEY,291411,WELL,PR,GW,2024/05/01,ACTUAL LatLong,334691,PUCKETT-67S96W 7SWSE,885,S,2159,E,SWSE,"7",7S,96W,"6",39.447,-108.14825,229085,4371114,500,ложь
1504,"04509178","045","09178","05-045-09178",10844,QB ENERGY OPERATING LLC,33-10 (P33NWB),GMR,33-10 (P33NWB) GMR,ACTUAL,2003/08/07,6764,9595,9379,52500,MAMM CREEK,266775,WELL,PR,GW,2021/06/01,ACTUAL LatLong,334562,GMR-66S93W 33SESE,973,S,1084,E,SESE,"33",6S,93W,"6",39.47813,-107.77453,261356,4373513,500,ложь
1509,"04507465","045","07465","05-045-07465",96850,TEP ROCKY MOUNTAIN LLC,RMV 215-21,CLOUGH,RMV 215-21 CLOUGH,ACTUAL,2000/01/30,5333,7555,7555,75400,RULISON,256477,WELL,PA,DSP,2024/06/20,ACTUAL LatLong,335413,CLOUGH-66S94W 21NESW,2242,S,2527,W,NESW,"21",6S,94W,"6",39.509646,-107.893854,251203,4377334,500,ложь
1512,"04523200","045","23200","05-045-23200",10844,QB ENERGY OPERATING LLC,23C-19,Puckett,23C-19 Puckett,ACTUAL,2018/02/03,8167,9976,9295,31290,GRAND VALLEY,445866,WELL,PR,GW,2018/07/24,ACTUAL LatLong,445862,Mesa P24-697,618,S,648,E,SESE,"24",6S,97W,"6",39.50301,-108.161781,228138,4377373,500,ложь
1516,"04512847","045","12847","05-045-12847",10844,QB ENERGY OPERATING LLC,"02C B10 696",GRANLEE OM,"02C B10 696 GRANLEE OM",ACTUAL,2007/11/28,8362,10711,10665,31290,GRAND VALLEY,287046,WELL,SI,GW,2025/02/01,ACTUAL LatLong,335677,GRANLEE OM  B10 696,928,N,1433,E,NWNE,"10",6S,96W,"6",39.542268,-108.091153,234362,4381520,500,ложь
1517,"04519435","045","19435","05-045-19435",96850,TEP ROCKY MOUNTAIN LLC,GM 344-31,Puckett,GM 344-31 Puckett,ACTUAL,2011/01/29,6089,7145,6767,31290,GRAND VALLEY,417006,WELL,PR,GW,2018/08/01,ACTUAL LatLong,416998,Puckett GM 333-31,2244,S,1632,E,NWSE,"31",6S,96W,"6",39.479319,-108.147521,229273,4374700,500,ложь
1519,"04523187","045","23187","05-045-23187",10844,QB ENERGY OPERATING LLC,13B-19,Puckett,13B-19 Puckett,ACTUAL,2018/01/05,8168,9500,9202,31290,GRAND VALLEY,445852,WELL,PR,GW,2018/06/30,ACTUAL LatLong,445862,Mesa P24-697,630,S,676,E,SESE,"24",6S,97W,"6",39.503041,-108.161879,228130,4377377,500,ложь
1520,"04513234","045","13234","05-045-13234",10844,QB ENERGY OPERATING LLC,23A-4D,UNOCAL-ENCANA,23A-4D UNOCAL-ENCANA,ACTUAL,2007/02/10,5806,8367,8208,31290,GRAND VALLEY,288400,WELL,SI,GW,2025/02/01,ACTUAL LatLong,335618,UNOCAL-ENCANA-66S96W 4NESW,1483,S,1735,W,NESW,"4",6S,96W,"6",39.55078,-108.11478,232364,4382535,500,ложь
1524,"04522105","045","22105","05-045-22105",96850,TEP ROCKY MOUNTAIN LLC,32A-24-07-96,BAT,32A-24-07-96 BAT,ACTUAL,2014/09/28,5183,6529,5814,67350,PARACHUTE,433662,WELL,PR,GW,2023/09/01,ACTUAL LatLong,422301,Speakman A Pad,1854,S,2039,W,NESW,"24",7S,96W,"6",39.420711,-108.060087,236574,4367934,500,ложь
1526,"04515127","045","15127","05-045-15127",96850,TEP ROCKY MOUNTAIN LLC,A6,WEINREIS,A6 WEINREIS,ACTUAL,2008/05/11,5677,8800,8715,52500,MAMM CREEK,293821,WELL,PR,GW,2024/09/01,ACTUAL LatLong,335548,WEINREIS A PAD,2417,N,1090,W,SWNW,"16",6S,92W,"6",39.527428,-107.677289,269884,4378732,500,ложь
1529,"04521089","045","21089","05-045-21089",10844,QB ENERGY OPERATING LLC,22C-15 596,NPR H15,22C-15 596 NPR H15,ACTUAL,2018/09/05,6429,9428,9106,31290,GRAND VALLEY,425831,WELL,PA,LO,2022/11/08,ACTUAL LatLong,425805,NPR H15-596,2328,N,79,E,SENE,"15",5S,96W,"6",39.615945,-108.146357,229904,4389864,500,ложь
1530,"04522637","045","22637","05-045-22637",96850,TEP ROCKY MOUNTAIN LLC,313-11,Federal GM,313-11 Federal GM,ACTUAL,2018/06/14,5792,6708,6623,31290,GRAND VALLEY,439909,WELL,PR,GW,2018/08/03,ACTUAL LatLong,323872,GR 23-11V,2035,S,2232,W,NESW,"11",7S,96W,"6",39.450311,-108.078754,235079,4371275,500,ложь
1531,"04515416","045","15416","05-045-15416",10844,QB ENERGY OPERATING LLC,7-13D,M. DUTTON,7-13D M. DUTTON,ACTUAL,2008/04/10,6095,6920,6861,67350,PARACHUTE,294456,WELL,PR,GW,2024/09/01,ACTUAL LatLong,334127,M. DUTTON-68S95W 7SWSW,923,N,1232,W,SWSW,"7",8S,95W,"6",39.373153,-108.044047,237776,4362608,500,ложь
1533,"04521164","045","21164","05-045-21164",10844,QB ENERGY OPERATING LLC,8507D-23 L24496,STORY GULCH,8507D-23 L24496 STORY GULCH,ACTUAL,2013/05/12,8180,12868,12256,31290,GRAND VALLEY,426491,WELL,PA,GW,2020/08/25,ACTUAL LatLong,426478,SG L24 496,1658,S,925,W,NWSW,"24",4S,96W,"6",39.685103,-108.123209,232159,4397472,500,ложь
1535,"04523387","045","23387","05-045-23387",10844,QB ENERGY OPERATING LLC,23D-23 697,Puckett,23D-23 697 Puckett,ACTUAL,2017/08/19,8437,9164,8983,31290,GRAND VALLEY,448441,WELL,PR,GW,2018/04/11,ACTUAL LatLong,448427,Mesa N23-697,685,S,2470,W,SESW,"23",6S,97W,"6",39.503117,-108.187986,225885,4377464,500,ложь
1538,"04517163","045","17163","05-045-17163",10844,QB ENERGY OPERATING LLC,34-22C,BATTLEMENT MESA,34-22C BATTLEMENT MESA,ACTUAL,2009/07/10,8291,9091,9053,67350,PARACHUTE,298362,WELL,PR,GW,2023/12/01,ACTUAL LatLong,334384,BATTLEMENT MESA-67S95W 34SENW,1585,N,2266,W,SENW,"34",7S,95W,"6",39.396629,-107.984771,242970,4365044,500,ложь
1539,"04507896","045","07896","05-045-07896",10844,QB ENERGY OPERATING LLC,7-2A (H7),KRK,7-2A (H7) KRK,ACTUAL,2002/03/28,6053,7980,7917,52500,MAMM CREEK,260667,WELL,PR,GW,2023/10/01,ACTUAL LatLong,334864,KRK-67S92W 7SENE,1989,N,889,E,SENE,"7",7S,92W,"6",39.46283,-107.70246,267505,4371626,500,ложь
1541,"04508107","045","08107","05-045-08107",10844,QB ENERGY OPERATING LLC,24-10A1(J24NW),GMU,24-10A1(J24NW) GMU,ACTUAL,2002/06/12,5680,8160,,52500,MAMM CREEK,263199,WELL,PR,GW,2022/06/01,ACTUAL LatLong,335058,ALP Fee 24-6B (J24NW),2424,S,1957,E,NWSE,"24",6S,93W,"6",39.51148,-107.72175,266008,4377076,500,ложь
1546,"04518697","045","18697","05-045-18697",10844,QB ENERGY OPERATING LLC,MF05D-16 H17 69,N. PARACHUTE,MF05D-16 H17 69 N. PARACHUTE,ACTUAL,2011/02/09,5654,7365,7219,31290,GRAND VALLEY,412951,WELL,PR,GW,2022/07/01,ACTUAL LatLong,335825,N. Parachute MF H17 696,1572,N,302,E,SENE,"17",6S,96W,"6",39.527346,-108.1236,231516,4379960,500,ложь
1553,"04513404","045","13404","05-045-13404",10844,QB ENERGY OPERATING LLC,M14 596,N.PARACHUTE WF10D,M14 596 N.PARACHUTE WF10D,ACTUAL,2005/01/16,6312,9375,8849,31290,GRAND VALLEY,274825,WELL,PA,DSP,2024/06/12,ACTUAL LatLong,335799,N.PARACHUTE WF09D-65S96W 14SWSW,1003,S,336,W,SWSW,"14",5S,96W,"6",39.610687,-108.144927,230006,4389276,500,ложь
1554,"04520542","045","20542","05-045-20542",96850,TEP ROCKY MOUNTAIN LLC,13C-17-07-95,BAT,13C-17-07-95 BAT,ACTUAL,2013/10/15,5457,7077,6460,67350,PARACHUTE,422295,WELL,PR,GW,2024/01/01,Actual LatLong,422286,Monument Ridge Pad,328,S,825,E,SESE,"18",7S,95W,"6",39.431324,-108.033251,238924,4369034,500,ложь
1556,"04518088","045","18088","05-045-18088",10844,QB ENERGY OPERATING LLC,"27",596-29C,27 596-29C,ACTUAL,2009/09/13,8188,9983,9818,31290,GRAND VALLEY,301119,WELL,PR,GW,2018/08/01,ACTUAL LatLong,335943,596-29C-65S96W 29NESW,1764,S,1433,W,NESW,"29",5S,96W,"6",39.58372,-108.19711,225419,4386440,500,ложь
1558,"04512775","045","12775","05-045-12775",96850,TEP ROCKY MOUNTAIN LLC,RWF 414-4,DIAMOND ELD,RWF 414-4 DIAMOND ELD,ACTUAL,2007/03/28,6264,8544,8387,75400,RULISON,286779,WELL,PR,GW,2017/02/09,ACTUAL LatLong,334720,BERNKLAU-67S94W 4NWSW,1527,S,369,W,NWSW,"4",7S,94W,"6",39.464074,-107.900803,250443,4372295,500,ложь
1560,"04515552","045","15552","05-045-15552",10844,QB ENERGY OPERATING LLC,EF12B-20 C29 59,N. PARACHUTE,EF12B-20 C29 59 N. PARACHUTE,ACTUAL,2008/10/15,7011,11175,10490,31290,GRAND VALLEY,294653,WELL,PR,GW,2019/08/01,ACTUAL LatLong,335692,N.PARACHUTE-65S95W 29NENW,634,N,2060,W,NENW,"29",5S,95W,"6",39.590316,-108.080099,235495,4386821,500,ложь
1562,"04524375","045","24375","05-045-24375",10844,QB ENERGY OPERATING LLC,15A-23-496,BJU M23A FED,15A-23-496 BJU M23A FED,ACTUAL,2024/01/02,8110,12005,11985,31290,GRAND VALLEY,478257,WELL,PR,OW,2024/11/01,ACTUAL LatLong,478266,BJU M23A-496 Pad,1251,S,1279,W,SWSW,"23",4S,96W,"6",39.684001,-108.140867,230640,4397402,500,ложь
1564,"04506058","045","06058","05-045-06058",10539,UTAH GAS OP LTD DBA UTAH GAS CORP,1-26,FEDERAL,1-26 FEDERAL,ACTUAL,1974/06/21,5877,4354,4244,77750,SOUTH CANYON,210302,WELL,PA,GW,2016/08/04,ACTUAL LatLong,322335,FEDERAL-66S104W 35NENW,424,N,2124,W,NENW,"35",6S,104W,"6",39.501647,-108.957815,159667,4379931,500,ложь
1570,"04524367","045","24367","05-045-24367",10844,QB ENERGY OPERATING LLC,24D-23-496,BJU M23A FED,24D-23-496 BJU M23A FED,ACTUAL,2023/10/10,8108,12220,12108,31290,GRAND VALLEY,478249,WELL,PR,OW,2024/09/23,ACTUAL LatLong,478266,BJU M23A-496 Pad,1338,S,1303,W,Lot 6,"23",4S,96W,"6",39.68424,-108.140784,230648,4397429,500,ложь
1571,"04512268","045","12268","05-045-12268",10844,QB ENERGY OPERATING LLC,8-21A,FEDERAL,8-21A FEDERAL,ACTUAL,2006/05/29,6414,7325,7296,67350,PARACHUTE,284791,WELL,SI,GW,2025/07/01,ACTUAL LatLong,334081,FEDERAL-68S95W 8NENW,519,N,1651,W,NENW,"8",8S,95W,"6",39.383731,-108.02155,239754,4363717,500,ложь
1573,"04510476","045","10476","05-045-10476",10844,QB ENERGY OPERATING LLC,EF08B A28 595,N.PARACHUTE,EF08B A28 595 N.PARACHUTE,ACTUAL,2005/09/07,6304,9930,9810,31290,GRAND VALLEY,276474,WELL,PR,GW,2024/07/01,ACTUAL LatLong,335804,N.PARACHUTE-65S95W 28NENE,464,N,940,E,NENE,"28",5S,95W,"6",39.59075,-108.0533,237798,4386791,500,ложь
1574,"04516103","045","16103","05-045-16103",10844,QB ENERGY OPERATING LLC,21A-24D,PUCKETT,21A-24D PUCKETT,ACTUAL,2008/12/19,8383,9320,9219,31290,GRAND VALLEY,296698,WELL,PA,GW,2022/12/07,ACTUAL LatLong,335518,PUCKETT-66S97W 24NWNW,831,N,1163,W,NWNW,"24",6S,97W,"6",39.51342,-108.17397,227131,4378565,500,ложь
1575,"04524013","045","24013","05-045-24013",96850,TEP ROCKY MOUNTAIN LLC,SG 312-22,STRAIT BOTTOM RANCH,SG 312-22 STRAIT BOTTOM RANCH,ACTUAL,2020/03/17,5665,6311,5825,31290,GRAND VALLEY,456257,WELL,PR,GW,2020/06/04,ACTUAL LatLong,435460,STRAIT BOTTOM RANCH SG 23-22,2094,S,1667,W,LOT 8,"22",7S,96W,"6",39.421584,-108.09979,233158,4368148,500,ложь
1581,"04514759","045","14759","05-045-14759",10844,QB ENERGY OPERATING LLC,8-21C,SAVAGE,8-21C SAVAGE,ACTUAL,2008/08/01,6776,9100,9040,75400,RULISON,292744,WELL,PR,GW,2025/08/01,ACTUAL LatLong,335006,SAVAGE-67S94W 8NWNW,1072,N,995,W,NWNW,"8",7S,94W,"6",39.456873,-107.916037,249106,4371538,500,ложь
1582,"04522247","045","22247","05-045-22247",96850,TEP ROCKY MOUNTAIN LLC,GM 33-14,Strait Bottom Ranch,GM 33-14 Strait Bottom Ranch,ACTUAL,2019/04/11,5172,6145,5756,31290,GRAND VALLEY,435201,WELL,PR,GW,2019/07/01,ACTUAL LatLong,334753,Bosely GM 34-14,891,S,1944,E,SWSE,"14",7S,96W,"6",39.432909,-108.074861,235348,4369332,500,ложь
1583,"04520936","045","20936","05-045-20936",10844,QB ENERGY OPERATING LLC,8512A-36 D36496,STORY GULCH,8512A-36 D36496 STORY GULCH,ACTUAL,2013/03/04,8290,12210,11846,31290,GRAND VALLEY,424677,WELL,PR,GW,2025/06/01,ACTUAL LatLong,424630,SG D36 496,422,N,1031,W,Lot 4,"36",4S,96W,"6",39.664887,-108.122907,232106,4395227,500,ложь
1584,"04515814","045","15814","05-045-15814",10844,QB ENERGY OPERATING LLC,20-13BB (PI19),FEDERAL,20-13BB (PI19) FEDERAL,ACTUAL,2008/05/16,5532,6650,6348,67350,PARACHUTE,295828,WELL,PR,GW,2024/06/01,ACTUAL LatLong,335031,FEDERAL-67S95W 19NESE,1937,S,739,E,NESE,"19",7S,95W,"6",39.42095,-108.03273,238930,4367881,500,ложь
1589,"04516835","045","16835","05-045-16835",96850,TEP ROCKY MOUNTAIN LLC,8-21D,NLW CONN CREEK,8-21D NLW CONN CREEK,ACTUAL,2008/08/17,5825,6550,6460,31290,GRAND VALLEY,297302,WELL,PR,GW,2023/04/01,ACTUAL LatLong,324442,NLW CONN CREEK-67S97W 8NWNE,504,N,2520,E,NWNE,"8",7S,97W,"6",39.466041,-108.243,221006,4373517,500,ложь
1591,"04507868","045","07868","05-045-07868",10844,QB ENERGY OPERATING LLC,24-9DRD,UNOCAL,24-9DRD UNOCAL,ACTUAL,2001/08/22,5729,7990,7523,31290,GRAND VALLEY,260568,WELL,PR,GW,2019/03/01,ACTUAL LatLong,335687,UNOCAL-66S96W 9SWSW,453,S,40,W,SWSW,"9",6S,96W,"6",39.53289,-108.12103,231758,4380568,500,ложь
1594,"04510510","045","10510","05-045-10510",10844,QB ENERGY OPERATING LLC,1-9D (RI1),SAVAGE FEDERAL,1-9D (RI1) SAVAGE FEDERAL,ACTUAL,2005/04/26,6845,9060,8995,75400,RULISON,276682,WELL,SI,GW,2025/07/01,ACTUAL LatLong,334572,SAVAGE-67S94W 1NESE,2388,S,292,E,NESE,"1",7S,94W,"6",39.46718,-107.82762,256751,4372439,500,ложь
1596,"04521839","045","21839","05-045-21839",10844,QB ENERGY OPERATING LLC,30-7A (O19EB),Shideler,30-7A (O19EB) Shideler,ACTUAL,2013/01/26,6509,8257,7661,52500,MAMM CREEK,431051,WELL,PR,GW,2021/01/01,ACTUAL LatLong,431050,Shideler 19-16C (O19EB),584,S,1637,E,SWSE,"19",7S,92W,"6",39.426178,-107.705147,267151,4367564,500,ложь
1599,"04524451","045","24451","05-045-24451",10844,QB ENERGY OPERATING LLC,21C-27-496,BJU B26 FED,21C-27-496 BJU B26 FED,ACTUAL,2022/09/13,8221,12663,11824,31290,GRAND VALLEY,479146,WELL,PR,OW,2025/08/01,ACTUAL LatLong,479149,BJU B26-496 Pad,1126,N,1970,W,NENW,"26",4S,96W,"6",39.677471,-108.138394,230826,4396670,500,ложь
1602,"04524484","045","24484","05-045-24484",96850,TEP ROCKY MOUNTAIN LLC,WMC 311-20,FEDERAL,WMC 311-20 FEDERAL,ACTUAL,2022/09/06,8869,11018,10911,75400,RULISON,480785,WELL,PR,GW,2023/04/04,ACTUAL LatLong,480732,FEDERAL WMC 24-17,249,S,1785,W,SESW,"17",7S,93W,"6",39.439076,-107.799611,259064,4369244,500,ложь
1603,"04510566","045","10566","05-045-10566",10433,LARAMIE ENERGY LLC,697-29-10D,CASCADE CREEK,697-29-10D CASCADE CREEK,ACTUAL,2006/01/07,6112,6935,6550,31290,GRAND VALLEY,276976,WELL,PR,GW,2023/06/01,ACTUAL LatLong,335149,CC 0629-02 Pad,2257,N,2493,W,SENW,"29",6S,97W,"6",39.495059,-108.244017,221034,4376742,500,ложь
1604,"04518089","045","18089","05-045-18089",10844,QB ENERGY OPERATING LLC,"27",596-30A,27 596-30A,ACTUAL,2009/09/16,8185,10251,9747,31290,GRAND VALLEY,301121,WELL,PR,GW,2018/10/01,ACTUAL LatLong,335943,596-29C-65S96W 29NESW,1762,S,1403,W,NESW,"29",5S,96W,"6",39.58371,-108.19721,225410,4386439,500,ложь
1608,"04507459","045","07459","05-045-07459",10844,QB ENERGY OPERATING LLC,1-11 (N36NW),BENZEL,1-11 (N36NW) BENZEL,ACTUAL,2000/03/01,6036,7172,6849,52500,MAMM CREEK,256487,WELL,PR,GW,2024/09/01,ACTUAL LatLong,334944,BENZEL-66S93W 36SESW,754,S,1760,W,SESW,"36",6S,93W,"6",39.47793,-107.72702,265442,4373366,500,ложь
1609,"04512207","045","12207","05-045-12207",10844,QB ENERGY OPERATING LLC,MF07A D09A 696,N.PARACHUTE,MF07A D09A 696 N.PARACHUTE,ACTUAL,2007/03/07,5651,8770,7782,31290,GRAND VALLEY,284558,WELL,SI,GW,2025/06/01,ACTUAL LatLong,335560,N.PARACHUTE-66S96W 9NWNW,706,N,853,W,NWNW,"9",6S,96W,"6",39.544781,-108.118306,232038,4381879,500,ложь
1610,"04522963","045","22963","05-045-22963",96850,TEP ROCKY MOUNTAIN LLC,23C-08-07-95,MONUMENT RIDGE B,23C-08-07-95 MONUMENT RIDGE B,ACTUAL,2015/11/19,5700,8045,6963,67350,PARACHUTE,442977,WELL,PR,GW,2022/06/01,ACTUAL LatLong,442832,MONUMENT RIDGE B PAD,985,S,166,E,SESE,"8",7S,95W,"6",39.447708,-108.012356,240783,4370793,500,ложь
1611,"04514755","045","14755","05-045-14755",10844,QB ENERGY OPERATING LLC,8-21A,SAVAGE,8-21A SAVAGE,ACTUAL,2008/07/24,6774,9235,9093,75400,RULISON,292748,WELL,PR,OW,2024/02/01,ACTUAL LatLong,335006,SAVAGE-67S94W 8NWNW,1034,N,994,W,NWNW,"8",7S,94W,"6",39.456997,-107.91604,249106,4371551,500,ложь
1613,"04522822","045","22822","05-045-22822",96850,TEP ROCKY MOUNTAIN LLC,21C-08-07-95,TOMPKINS,21C-08-07-95 TOMPKINS,ACTUAL,2016/07/12,5528,7690,6794,67350,PARACHUTE,441197,WELL,SI,GW,2025/06/01,ACTUAL LatLong,438312,TOMPKINS PAD,223,S,658,E,SESE,"5",7S,95W,"6",39.460029,-108.014223,240668,4372166,500,ложь
1614,"04521710","045","21710","05-045-21710",10844,QB ENERGY OPERATING LLC,8502C-23 L24496,SG,8502C-23 L24496 SG,ACTUAL,2013/07/01,8180,13450,12376,31290,GRAND VALLEY,430195,WELL,PR,GW,2023/10/01,ACTUAL LatLong,426478,SG L24 496,1734,S,976,W,NWSW,"24",4S,96W,"6",39.685316,-108.123022,232175,4397495,500,ложь
1618,"04523408","045","23408","05-045-23408",10844,QB ENERGY OPERATING LLC,13A-26-697,Puckett,13A-26-697 Puckett,ACTUAL,2018/03/03,8340,8884,8739,31290,GRAND VALLEY,448464,WELL,PR,GW,2018/09/24,ACTUAL LatLong,448472,Mesa F26-697,2265,N,1673,W,SENW,"26",6S,97W,"6",39.495023,-108.190813,225610,4376574,500,ложь
1619,"04512330","045","12330","05-045-12330",10844,QB ENERGY OPERATING LLC,WF 04A K25 596,N.PARACHUTE,WF 04A K25 596 N.PARACHUTE,ACTUAL,2007/06/12,5917,10200,9544,31290,GRAND VALLEY,284985,WELL,PR,GW,2025/06/01,ACTUAL LatLong,311649,N.PARACHUTE-65S96W 25NESW,1927,S,2348,W,NESW,"25",5S,96W,"6",39.584198,-108.119046,232126,4386257,500,ложь
1623,"04523801","045","23801","05-045-23801",10433,LARAMIE ENERGY LLC,"0697-03-14E",CC,"0697-03-14E CC",ACTUAL,2018/06/23,8438,9796,9634,31290,GRAND VALLEY,453175,WELL,PR,GW,2022/08/01,ACTUAL LatLong,452807,CC 0697-03-07 Pad,2224,N,2347,E,LOT 11,"3",6S,97W,"6",39.558277,-108.205116,224630,4383640,500,ложь
1625,"04505045","045","05045","05-045-05045",51130,LOCIN OIL CORPORATION,A-1 (OWP),PRAIRIE CANYON(NW-GOV'T),A-1 (OWP) PRAIRIE CANYON(NW-GOV'T),ACTUAL,1958/06/04,5195,4380,4380,77750,SOUTH CANYON,210157,WELL,SI,GW,2020/06/01,ACTUAL LatLong,322289,PRAIRIE CANYON(NW-GOV'T)-67S104W 33SWNW (OWP),3107,S,4016,E,SWNW,"33",7S,104W,"6",39.41236,-108.99838,155737,4370172,500,ложь
1626,"04514532","045","14532","05-045-14532",10844,QB ENERGY OPERATING LLC,CP11A-05 A05 59,N. PARACHUTE,CP11A-05 A05 59 N. PARACHUTE,ACTUAL,2007/08/26,8403,11457,10598,31290,GRAND VALLEY,291841,WELL,SI,GW,2025/08/01,ACTUAL LatLong,335909,N. PARACHUTE-65S96W 5NENE,477,N,518,E,NENE,"5",5S,96W,"6",39.649943,-108.185396,226686,4393756,500,ложь
1627,"04515130","045","15130","05-045-15130",96850,TEP ROCKY MOUNTAIN LLC,A3,WEINREIS,A3 WEINREIS,ACTUAL,2008/05/31,5677,8777,8747,52500,MAMM CREEK,293824,WELL,PR,GW,2025/06/01,ACTUAL LatLong,335548,WEINREIS A PAD,2397,N,1090,W,SWNW,"16",6S,92W,"6",39.527521,-107.677288,269884,4378742,500,ложь
1632,"04512803","045","12803","05-045-12803",96850,TEP ROCKY MOUNTAIN LLC,RWF 11-9,FEDERAL,RWF 11-9 FEDERAL,ACTUAL,2007/09/07,5980,9800,9094,75400,RULISON,286889,WELL,PR,GW,2022/05/01,ACTUAL LatLong,335636,FEDERAL RWF 12-9,2507,S,326,E,NESE,"8",6S,94W,"6",39.539249,-107.903817,250453,4380648,500,ложь
1633,"04524271","045","24271","05-045-24271",96850,TEP ROCKY MOUNTAIN LLC,RWF 23-12,FEDERAL,RWF 23-12 FEDERAL,ACTUAL,2019/11/27,5467,9277,8765,75400,RULISON,468704,WELL,PR,GW,2020/02/13,ACTUAL LatLong,324362,FEDERAL RWF 12-12,2039,N,1261,W,LOT 5,"12",6S,94W,"6",39.541959,-107.84162,255808,4380778,500,ложь
1635,"04510535","045","10535","05-045-10535",10844,QB ENERGY OPERATING LLC,13D-31D,PUCKETT,13D-31D PUCKETT,ACTUAL,2006/02/09,6553,7631,,31290,GRAND VALLEY,276858,WELL,PR,GW,2025/07/01,ACTUAL LatLong,335092,PUCKETT-66S96W 31NESW,1688,S,2300,W,NESW,"31",6S,96W,"6",39.47772,-108.15108,228960,4374533,500,ложь
1641,"04515163","045","15163","05-045-15163",10844,QB ENERGY OPERATING LLC,CP02D-21 G21 59,N.PARACHUTE,CP02D-21 G21 59 N.PARACHUTE,ACTUAL,2008/03/24,7972,10350,10211,31290,GRAND VALLEY,293923,WELL,PR,GW,2025/08/01,ACTUAL LatLong,335929,N. PARACHUTE-65S96W 21SWNE,1943,N,2193,E,SWNE,"21",5S,96W,"6",39.602515,-108.172551,227602,4388452,500,ложь
1646,"04518731","045","18731","05-045-18731",10433,LARAMIE ENERGY LLC,697-05-78A,CASCADE CREEK,697-05-78A CASCADE CREEK,ACTUAL,2011/05/31,8424,9150,8925,31290,GRAND VALLEY,413186,WELL,PA,GW,2022/12/04,ACTUAL LatLong,324100,Cascade Creek 608-41,974,N,1119,E,NENE,"8",6S,97W,"6",39.54202,-108.23812,221729,4381937,500,ложь
1649,"04509557","045","09557","05-045-09557",10844,QB ENERGY OPERATING LLC,15-24,CLEM,15-24 CLEM,ACTUAL,2004/05/11,6627,7960,,67350,PARACHUTE,270426,WELL,PR,GW,2025/05/01,ACTUAL LatLong,324264,CLEM-67S95W 15SENE,2263,N,446,E,SENE,"15",7S,95W,"6",39.43879,-107.97593,243886,4369699,500,ложь
1652,"04505076","045","05076","05-045-05076",10043,MACKLEY* ARNOLD & DARLEEN,1 (OWP),ED T. BERNKLAU,1 (OWP) ED T. BERNKLAU,ACTUAL,1961/02/07,5435,5240,5240,75400,RULISON,210181,WELL,PA,GW,2017/06/07,Planned Footage,322296,ED T. BERNKLAU-66S94W 34NWSW (OWP),2146,S,958,W,NWSW,"34",6S,94W,"6",39.48046,-107.879829,252306,4374056,500,ложь
1654,"04514700","045","14700","05-045-14700",10844,QB ENERGY OPERATING LLC,CP08D-32 M33 49,DWU,CP08D-32 M33 49 DWU,ACTUAL,2007/11/16,8410,11772,11154,99999,WILDCAT,292359,WELL,PR,GW,2024/10/01,ACTUAL LatLong,335937,NPM M33-496 Pad,827,S,1260,W,SWSW,"33",4S,96W,"6",39.653542,-108.178377,227302,4394134,500,ложь
1657,"04512043","045","12043","05-045-12043",96850,TEP ROCKY MOUNTAIN LLC,30-09D,MEAD FEDERAL,30-09D MEAD FEDERAL,ACTUAL,2008/02/25,6130,9290,8880,75400,RULISON,283953,WELL,PR,GW,2024/08/01,ACTUAL LatLong,335167,Mead 30-11 Pad,1640,S,2426,W,NESW,"30",6S,93W,"6",39.49414,-107.81821,257654,4375406,500,ложь
1661,"04517805","045","17805","05-045-17805",96850,TEP ROCKY MOUNTAIN LLC,RWF 512-19,FEDERAL,RWF 512-19 FEDERAL,ACTUAL,2009/09/05,5822,8569,8540,75400,RULISON,299959,WELL,PR,GW,2022/10/01,ACTUAL LatLong,335432,FEDERAL-66S94W 19NWSW,2597,S,144,W,NWSW,"19",6S,94W,"6",39.510286,-107.93772,247434,4377527,500,ложь
1664,"04518729","045","18729","05-045-18729",10844,QB ENERGY OPERATING LLC,27-8C1 (H27NW),GMU,27-8C1 (H27NW) GMU,ACTUAL,2009/11/28,6320,9781,9770,52500,MAMM CREEK,413173,WELL,PR,GW,2022/03/01,ACTUAL LatLong,335410,GMR-66S93W 27SENE,1715,N,961,E,SENE,"27",6S,93W,"6",39.499941,-107.755767,263044,4375884,500,ложь
1665,"04523276","045","23276","05-045-23276",96850,TEP ROCKY MOUNTAIN LLC,31C-18-07-95,BMC D,31C-18-07-95 BMC D,ACTUAL,2017/09/14,5268,6510,6371,99999,WILDCAT,446588,WELL,PR,GW,2018/06/26,ACTUAL LatLong,446582,BMC D PAD,1233,N,2322,W,NENW,"18",7S,95W,"6",39.441589,-108.04071,238320,4370196,500,ложь
1667,"04515151","045","15151","05-045-15151",10844,QB ENERGY OPERATING LLC,35-32C,PARACHUTE RANCH FED.,35-32C PARACHUTE RANCH FED.,ACTUAL,2009/07/09,5464,5767,5527,31290,GRAND VALLEY,293868,WELL,PA,GW,2024/02/27,ACTUAL LatLong,334365,PARACHUTE RANCH FED.-67S96W 35NWNE,931,N,1530,E,NWNE,"35",7S,96W,"6",39.398701,-108.073138,235367,4365529,500,ложь
1668,"04518445","045","18445","05-045-18445",10844,QB ENERGY OPERATING LLC,16-5 (N9W),ENCANA GMR,16-5 (N9W) ENCANA GMR,ACTUAL,2009/06/03,7332,9873,9442,52500,MAMM CREEK,412222,WELL,PR,GW,2022/06/01,ACTUAL LatLong,334766,GMR-67S93W 9SESW,169,S,1746,W,SESW,"9",7S,93W,"6",39.4533,-107.782064,260623,4370776,500,ложь
1669,"04515332","045","15332","05-045-15332",10844,QB ENERGY OPERATING LLC,6-14C,FEDERAL,6-14C FEDERAL,ACTUAL,2008/07/24,5972,7175,6877,67350,PARACHUTE,294226,WELL,PR,GW,2024/10/01,ACTUAL LatLong,334073,FEDERAL-68S95W 7NW4,1013,N,1283,W,NWNW,"7",8S,95W,"6",39.382279,-108.044011,237814,4363621,500,ложь
1672,"04524559","045","24559","05-045-24559",96850,TEP ROCKY MOUNTAIN LLC,WMC 514-18-793,Leverich,WMC 514-18-793 Leverich,ACTUAL,2023/09/08,8007,10270,10061,75400,RULISON,483801,WELL,PR,OW,2024/01/09,ACTUAL LatLong,335045,South Leverich 13-09 Pad,1407,S,833,E,LOT 3,"13",7S,94W,"6",39.435596,-107.829069,256516,4368937,500,ложь
1674,"04521832","045","21832","05-045-21832",10844,QB ENERGY OPERATING LLC,19-14D (O19EB),Shideler,19-14D (O19EB) Shideler,ACTUAL,2013/01/25,6509,8880,8834,52500,MAMM CREEK,431043,WELL,PR,GW,2021/01/01,ACTUAL LatLong,431050,Shideler 19-16C (O19EB),596,S,1638,E,SWSE,"19",7S,92W,"6",39.426208,-107.705152,267151,4367567,500,ложь
1676,"04524104","045","24104","05-045-24104",96850,TEP ROCKY MOUNTAIN LLC,GM 414-8,PUCKETT,GM 414-8 PUCKETT,ACTUAL,2019/10/15,6281,6765,6535,31290,GRAND VALLEY,457405,WELL,PR,GW,2020/01/07,ACTUAL LatLong,323823,PUCKETT GV 1-8,2246,S,2226,W,NESW,"8",7S,96W,"6",39.450731,-108.13271,230436,4371482,500,ложь
1677,"04523185","045","23185","05-045-23185",10844,QB ENERGY OPERATING LLC,"13D-19",Puckett,13D-19 Puckett,ACTUAL,2017/10/26,8169,9313,9143,31290,GRAND VALLEY,445850,WELL,PR,GW,2018/07/02,ACTUAL LatLong,445862,Mesa P24-697,618,S,673,E,SESE,"24",6S,97W,"6",39.503008,-108.161868,228131,4377373,500,ложь
1679,"04523767","045","23767","05-045-23767",10844,QB ENERGY OPERATING LLC,24B-10-596,NPR,24B-10-596 NPR,ACTUAL,2018/06/05,6709,9802,9558,31290,GRAND VALLEY,452666,WELL,PR,GW,2024/07/01,ACTUAL LatLong,335676,NPR K10-596,1877,S,2523,W,NESW,"10",5S,96W,"6",39.627482,-108.155828,229136,4391173,500,ложь
1680,"04512613","045","12613","05-045-12613",96850,TEP ROCKY MOUNTAIN LLC,7-22D,FURR,7-22D FURR,ACTUAL,2006/11/17,6696,8110,,67350,PARACHUTE,286087,WELL,PR,GW,2024/08/01,ACTUAL LatLong,334778,FURR 22-07 (F1)PAD,2279,N,2313,E,SWNE,"22",7S,95W,"6",39.42401,-107.98249,243267,4368077,500,ложь
1687,"04523376","045","23376","05-045-23376",10844,QB ENERGY OPERATING LLC,15D-23 697,Puckett,15D-23 697 Puckett,ACTUAL,2017/08/08,8437,9273,8907,31290,GRAND VALLEY,448430,WELL,PR,GW,2018/04/22,ACTUAL LatLong,448427,Mesa N23-697,675,S,2481,W,SESW,"23",6S,97W,"6",39.503089,-108.187947,225888,4377461,500,ложь
1688,"04509133","045","09133","05-045-09133",10456,CAERUS PICEANCE LLC,11-1A (D12B),SHAEFFER,11-1A (D12B) SHAEFFER,ACTUAL,2003/07/16,6218,8182,8050,52500,MAMM CREEK,266227,WELL,PA,GW,2022/09/09,ACTUAL LatLong,334680,SHAEFFER-67S93W 12NWNW,850,N,705,W,NWNW,"12",7S,93W,"6",39.46518,-107.73058,265093,4371960,500,ложь
1689,"04520428","045","20428","05-045-20428",96850,TEP ROCKY MOUNTAIN LLC,B11,Dixon Federal,B11 Dixon Federal,ACTUAL,2011/07/09,5513,7544,7508,52500,MAMM CREEK,421709,WELL,PR,GW,2022/02/01,ACTUAL LatLong,311696,Dixon Federal B Pad,1574,S,791,W,NWSW,"15",6S,92W,"6",39.524097,-107.659661,271388,4378317,500,ложь
1694,"04513641","045","13641","05-045-13641",10844,QB ENERGY OPERATING LLC,32-11D,LATHAM,32-11D LATHAM,ACTUAL,2008/04/13,8208,9753,9736,31290,GRAND VALLEY,289028,WELL,SI,GW,2025/07/01,ACTUAL LatLong,335840,LATHAM O32 696,1227,S,1669,E,SWSE,"32",5S,96W,"6",39.567753,-108.189391,226019,4384644,500,ложь
1696,"04514391","045","14391","05-045-14391",16700,CHEVRON USA INC,598-35-AV-12,SKR,598-35-AV-12 SKR,ACTUAL,2007/10/10,6110,7261,7166,77548,SKINNER RIDGE,291486,WELL,PA,GW,2024/08/28,ACTUAL LatLong,336045,SKR-65S98W 35NWNE,980,N,1466,E,NWNE,"35",5S,98W,"6",39.574701,-108.353568,211941,4385929,500,ложь
1698,"04515901","045","15901","05-045-15901",96850,TEP ROCKY MOUNTAIN LLC,RWF 421-18,FEDERAL,RWF 421-18 FEDERAL,ACTUAL,2008/10/04,6157,9008,8953,75400,RULISON,296048,WELL,PR,GW,2021/02/01,ACTUAL LatLong,335569,FEDERAL RWF 21-18,1156,N,976,W,NENW,"18",6S,94W,"6",39.52888,-107.934784,247753,4379583,500,ложь
1701,"04522784","045","22784","05-045-22784",96850,TEP ROCKY MOUNTAIN LLC,12B-17-07-95,YATER,12B-17-07-95 YATER,ACTUAL,2015/06/26,5513,7137,6650,67350,PARACHUTE,159684,WELL,PR,GW,2016/02/17,ACTUAL LatLong,159652,YATER PAD,1692,S,1129,W,NWSW,"17",7S,95W,"6",39.435092,-108.026393,239528,4369433,500,ложь
1702,"04518448","045","18448","05-045-18448",10844,QB ENERGY OPERATING LLC,16-6A (N9W),HMU,16-6A (N9W) HMU,ACTUAL,2009/06/04,7332,9603,9427,52500,MAMM CREEK,412224,WELL,PR,GW,2022/06/01,ACTUAL LatLong,334766,GMR-67S93W 9SESW,180,S,1753,W,SESW,"9",7S,93W,"6",39.45334,-107.782052,260624,4370781,500,ложь
1703,"04523703","045","23703","05-045-23703",96850,TEP ROCKY MOUNTAIN LLC,PA 12-26,FEDERAL,PA 12-26 FEDERAL,ACTUAL,2018/07/10,5637,8875,8365,67350,PARACHUTE,452356,WELL,PR,GW,2018/10/12,ACTUAL LatLong,335330,FEDERAL PA 23-26,2127,S,2400,W,NESW,"26",6S,95W,"6",39.494353,-107.966937,244863,4375841,500,ложь
1709,"04513140","045","13140","05-045-13140",96850,TEP ROCKY MOUNTAIN LLC,512-26,GM,512-26 GM,ACTUAL,2007/03/12,5680,7505,7167,31290,GRAND VALLEY,288054,WELL,PR,GW,2019/11/01,ACTUAL LatLong,335430,GM-66S96W 27SENE,2241,N,1081,E,SENE,"27",6S,96W,"6",39.496308,-108.089033,234369,4376412,500,ложь
1710,"04522755","045","22755","05-045-22755",96850,TEP ROCKY MOUNTAIN LLC,642-8,Federal RU,642-8 Federal RU,ACTUAL,2015/11/10,7738,10923,9866,75400,RULISON,159632,WELL,PR,GW,2016/03/23,ACTUAL LatLong,159692,RU 21-8,660,N,1881,W,NENW,"8",7S,93W,"6",39.465397,-107.800952,259039,4372170,500,ложь
1711,"04509908","045","09908","05-045-09908",10844,QB ENERGY OPERATING LLC,34-15(134NW),GMR,34-15(134NW) GMR,ACTUAL,2004/05/05,6597,8984,8766,52500,MAMM CREEK,271595,WELL,PR,GW,2023/04/01,ACTUAL LatLong,334614,GMR-66S93W 34NWSE,2329,S,1906,E,NWSE,"34",6S,93W,"6",39.48201,-107.75876,262726,4373902,500,ложь
1713,"04521165","045","21165","05-045-21165",10844,QB ENERGY OPERATING LLC,8509C-24,STORY GULCH,8509C-24 STORY GULCH,ACTUAL,2012/10/13,8180,12874,12500,31290,GRAND VALLEY,426492,WELL,PR,GW,2021/01/01,ACTUAL LatLong,426478,SG L24 496,1614,S,904,W,NWSW,"24",4S,96W,"6",39.684969,-108.123285,232151,4397457,500,ложь
1714,"04512328","045","12328","05-045-12328",10844,QB ENERGY OPERATING LLC,WF05B K25 596,N.PARACHUTE,WF05B K25 596 N.PARACHUTE,ACTUAL,2007/06/21,5916,10190,8660,31290,GRAND VALLEY,284987,WELL,PR,GW,2025/05/01,ACTUAL LatLong,311649,N.PARACHUTE-65S96W 25NESW,1902,S,2388,W,NESW,"25",5S,96W,"6",39.584128,-108.118901,232138,4386249,500,ложь
1717,"04523363","045","23363","05-045-23363",10844,QB ENERGY OPERATING LLC,21B-26-697,Puckett,21B-26-697 Puckett,ACTUAL,2017/04/27,8396,9110,8912,31290,GRAND VALLEY,448174,WELL,PR,GW,2020/10/01,ACTUAL LatLong,416157,Puckett 697-26A,842,N,1425,E,NWNE,"26",6S,97W,"6",39.498928,-108.183106,226288,4376984,500,ложь
1722,"04509019","045","09019","05-045-09019",10844,QB ENERGY OPERATING LLC,23-7D,CHEVRON,23-7D CHEVRON,ACTUAL,2003/08/22,6354,7875,7800,31290,GRAND VALLEY,265452,WELL,PR,GW,2019/03/01,ACTUAL LatLong,335798,CHEVRON-66S96W 7NWSW,2259,S,1167,W,NWSW,"7",6S,96W,"6",39.53636,-108.15536,228820,4381056,500,ложь
1725,"04512146","045","12146","05-045-12146",10844,QB ENERGY OPERATING LLC,8L-5D,CHEVRON,8L-5D CHEVRON,ACTUAL,2006/11/27,5692,7965,7830,31290,GRAND VALLEY,284334,WELL,PR,GW,2019/03/01,ACTUAL LatLong,335566,CHEVRON-66S96W 4SWSW,671,S,343,W,SWSW,"4",6S,96W,"6",39.54861,-108.11986,231919,4382309,500,ложь
1727,"04523754","045","23754","05-045-23754",10844,QB ENERGY OPERATING LLC,11B-15-596,NPR,11B-15-596 NPR,ACTUAL,2018/03/21,6709,9922,9408,31290,GRAND VALLEY,452651,WELL,WO,LO,2023/02/01,ACTUAL LatLong,335676,NPR K10-596,1869,S,2517,W,NESW,"10",5S,96W,"6",39.627459,-108.155849,229134,4391171,500,ложь
1728,"04516961","045","16961","05-045-16961",96850,TEP ROCKY MOUNTAIN LLC,5-02B,JOHNSON,5-02B JOHNSON,ACTUAL,2008/10/19,8164,10410,10149,52500,MAMM CREEK,297766,WELL,PR,GW,2024/04/01,ACTUAL LatLong,334388,JOHNSON 05-07 PAD,2269,N,2577,E,NWNE,"5",8S,93W,"6",39.39767,-107.79701,259145,4364641,500,ложь
1731,"04520490","045","20490","05-045-20490",96850,TEP ROCKY MOUNTAIN LLC,A14,Burckle Federal,A14 Burckle Federal,ACTUAL,2011/04/09,5558,7843,7529,52500,MAMM CREEK,422091,WELL,PR,GW,2022/02/01,ACTUAL LatLong,335540,Burckle A Pad,2055,S,2202,E,NWSE,"16",6S,92W,"6",39.525271,-107.670284,270479,4378474,500,ложь
1733,"04518306","045","18306","05-045-18306",96850,TEP ROCKY MOUNTAIN LLC,SG 314-33,SPECIALTY RESTAURANTS,SG 314-33 SPECIALTY RESTAURANTS,ACTUAL,2010/05/01,5036,4940,4832,31290,GRAND VALLEY,301845,WELL,PR,GW,2025/01/01,ACTUAL LatLong,383331,SPECIALTY RESTAURANTS-67S96W 33NWSW,1531,S,591,W,NWSW,"33",7S,96W,"6",39.390173,-108.121639,231157,4364726,500,ложь
1734,"04509790","045","09790","05-045-09790",10844,QB ENERGY OPERATING LLC,15-34,CLEM-WARREN,15-34 CLEM-WARREN,ACTUAL,2004/04/14,6679,7995,,67350,PARACHUTE,270712,WELL,PR,GW,2018/03/01,ACTUAL LatLong,334751,Warren 15-9 (PI15),2569,S,692,E,NESE,"15",7S,95W,"6",39.43722,-107.97673,243811,4369527,500,ложь
1735,"04523243","045","23243","05-045-23243",10844,QB ENERGY OPERATING LLC,12A-17,Chevron,12A-17 Chevron,ACTUAL,2017/05/28,5586,7787,7059,31290,GRAND VALLEY,446096,WELL,PR,GW,2017/09/13,ACTUAL LatLong,335781,Parachute Creek 5A,1275,N,2036,E,Lot 1,"17",6S,96W,"6",39.528208,-108.129656,230998,4380074,500,ложь
1736,"04516383","045","16383","05-045-16383",96850,TEP ROCKY MOUNTAIN LLC,5-04B,JOHNSON FED.,5-04B JOHNSON FED.,ACTUAL,2009/01/19,8227,10310,10182,52500,MAMM CREEK,297304,WELL,PR,GW,2024/04/01,ACTUAL LatLong,334423,Johnson 05-05 Pad,1730,N,162,W,NWNW,"5",8S,93W,"6",39.39917,-107.80605,258371,4364832,500,ложь
1741,"04508078","045","08078","05-045-08078",10844,QB ENERGY OPERATING LLC,31-8A1 (H31),SHIDELER,31-8A1 (H31) SHIDELER,ACTUAL,2002/05/11,6828,8968,,52500,MAMM CREEK,262969,WELL,PR,GW,2017/10/01,ACTUAL LatLong,334283,SHIDELER-67S92W 31SENE,1494,N,158,E,SENE,"31",7S,92W,"6",39.40603,-107.69947,267573,4365313,500,ложь
1743,"04523436","045","23436","05-045-23436",96850,TEP ROCKY MOUNTAIN LLC,SR 14-12,WARE,SR 14-12 WARE,ACTUAL,2018/01/02,7479,9912,9506,75400,RULISON,449388,WELL,PR,GW,2018/03/14,ACTUAL LatLong,449385,WARE SR 23-12,1774,S,2314,W,NESW,"12",7S,94W,"6",39.451074,-107.836615,255920,4370676,500,ложь
1747,"04507703","045","07703","05-045-07703",10844,QB ENERGY OPERATING LLC,32-2 (G32NE),SHIDELER,32-2 (G32NE) SHIDELER,ACTUAL,2001/05/17,5675,6950,6728,52500,MAMM CREEK,259287,WELL,PA,GW,2023/07/11,ACTUAL LatLong,334853,SHIDELER-66S92W 32SWNE,1798,N,2195,W,SWNE,"32",6S,92W,"6",39.48564,-107.68866,268768,4374122,500,ложь
1749,"04509425","045","09425","05-045-09425",10844,QB ENERGY OPERATING LLC,36-24,S.PARACHUTE TBI,36-24 S.PARACHUTE TBI,ACTUAL,2003/12/13,6065,6310,,67350,PARACHUTE,269956,WELL,SI,GW,2025/06/01,ACTUAL LatLong,324250,S.PARACHUTE TBI-67S96W 36SENE,2042,N,858,E,SENE,"36",7S,96W,"6",39.39587,-108.05166,237206,4365152,500,ложь
1750,"04514597","045","14597","05-045-14597",96850,TEP ROCKY MOUNTAIN LLC,32D-27-692,MCLAUGHLIN,32D-27-692 MCLAUGHLIN,ACTUAL,2007/12/10,5763,7380,7301,52500,MAMM CREEK,292117,WELL,PR,GW,2024/10/01,ACTUAL LatLong,335082,MCLAUGHLIN-66S92W 27SENE,1491,N,1164,E,SENE,"27",6S,92W,"6",39.501263,-107.647666,272345,4375752,500,ложь
1753,"04507146","045","07146","05-045-07146",10844,QB ENERGY OPERATING LLC,4-10 (J4E),OKAGAWA,4-10 (J4E) OKAGAWA,ACTUAL,1997/02/16,5975,4977,0,52500,MAMM CREEK,211386,WELL,PR,GW,2019/02/01,ACTUAL LatLong,323974,OKAGAWA-67S92W 4NWSE,1942,S,2079,E,NWSE,"4",7S,92W,"6",39.47384,-107.6692,270403,4372763,500,ложь
1756,"04511089","045","11089","05-045-11089",10844,QB ENERGY OPERATING LLC,36-422D,CHEVRON,36-422D CHEVRON,ACTUAL,2007/05/11,6070,9050,8619,31290,GRAND VALLEY,279868,WELL,PR,GW,2025/04/01,ACTUAL LatLong,335583,CHEVRON O36A 596,509,S,2436,E,SWSE,"36",5S,96W,"6",39.565796,-108.117254,232209,4384209,500,ложь
1757,"04523987","045","23987","05-045-23987",10433,LARAMIE ENERGY LLC,"0697-04-08E",CC,"0697-04-08E CC",ACTUAL,2019/05/15,8602,9953,9937,31290,GRAND VALLEY,455745,WELL,PR,GW,2020/01/14,ACTUAL LatLong,335902,CC 604-41-32 Pad,1952,N,947,E,Lot 12,"4",6S,97W,"6",39.557468,-108.218838,223448,4383592,500,ложь
1760,"04514738","045","14738","05-045-14738",10844,QB ENERGY OPERATING LLC,"22D-17",CHEVRON,22D-17 CHEVRON,ACTUAL,2007/11/04,5657,12890,,31290,GRAND VALLEY,292492,WELL,PA,GW,2018/09/07,ACTUAL LatLong,324425,CHEVRON-66S96W 17NESW,2638,S,2139,W,Lot 9,"17",6S,96W,"6",39.52442,-108.13372,230634,4379665,500,ложь
1761,"04511735","045","11735","05-045-11735",10844,QB ENERGY OPERATING LLC,8D-5D,CHEVRON,8D-5D CHEVRON,ACTUAL,2006/05/17,5780,8465,8244,31290,GRAND VALLEY,282352,WELL,PR,GW,2019/03/01,ACTUAL LatLong,335578,CHEVRON-66S96W 4SWNW,2532,N,558,W,SWNW,"4",6S,96W,"6",39.55747,-108.11858,232063,4383289,500,ложь
1764,"04522544","045","22544","05-045-22544",96850,TEP ROCKY MOUNTAIN LLC,43-6,Federal RU,43-6 Federal RU,ACTUAL,2015/08/22,6537,10089,9875,75400,RULISON,439594,WELL,PR,GW,2024/03/01,ACTUAL LatLong,335044,Federal RU 34-6,998,S,1917,E,SWSE,"6",7S,93W,"6",39.467789,-107.81479,257857,4372472,500,ложь
1769,"04524188","045","24188","05-045-24188",10844,QB ENERGY OPERATING LLC,15B-13 496,ELU A24 FED,15B-13 496 ELU A24 FED,ACTUAL,2020/01/28,8130,12695,12515,31290,GRAND VALLEY,458484,WELL,PR,GW,2020/06/25,ACTUAL LatLong,458475,ELU A24-496 Pad,430,N,140,W,Lot 4,"24",4S,96W,"6",39.693978,-108.125951,231958,4398465,500,ложь
1772,"04515147","045","15147","05-045-15147",10844,QB ENERGY OPERATING LLC,35-31C,PARACHUTE RANCH FED.,35-31C PARACHUTE RANCH FED.,ACTUAL,2009/07/12,5464,6197,6162,31290,GRAND VALLEY,293864,WELL,SI,DSP,2017/12/01,ACTUAL LatLong,334365,PARACHUTE RANCH FED.-67S96W 35NWNE,923,N,1535,E,NWNE,"35",7S,96W,"6",39.398778,-108.073042,235375,4365538,500,ложь
1773,"04510293","045","10293","05-045-10293",10844,QB ENERGY OPERATING LLC,35-12B(K35NW),CRAIG,35-12B(K35NW) CRAIG,ACTUAL,2004/12/07,5963,8372,8010,52500,MAMM CREEK,273870,WELL,PR,GW,2022/04/01,ACTUAL LatLong,334942,CRAIG-66S93W 35NESW,1713,S,2392,W,NESW,"35",6S,93W,"6",39.48041,-107.74353,264030,4373684,500,ложь
1776,"04513465","045","13465","05-045-13465",10433,LARAMIE ENERGY LLC,604-12-13,CASCADE CREEK,604-12-13 CASCADE CREEK,ACTUAL,2005/10/06,8639,9320,,31290,GRAND VALLEY,275137,WELL,IJ,DSP,2023/09/01,ACTUAL LatLong,324400,CC 0604-12-13 Pad,2804,N,396,W,LOT 16,"4",6S,97W,"6",39.5551,-108.23276,222242,4383373,500,ложь
1777,"04520063","045","20063","05-045-20063",10433,LARAMIE ENERGY LLC,697-08-58A,Cascade Creek,697-08-58A Cascade Creek,ACTUAL,2011/09/18,8378,9205,8730,31290,GRAND VALLEY,419932,WELL,PR,GW,2023/04/01,ACTUAL LatLong,335815,Cascade Creek 697-08-53,1352,S,2176,E,NWSE,"8",6S,97W,"6",39.5339,-108.24186,221375,4381047,500,ложь
1779,"04524141","045","24141","05-045-24141",96850,TEP ROCKY MOUNTAIN LLC,SG 342-21,FEDERAL,SG 342-21 FEDERAL,ACTUAL,2019/03/15,6091,6711,6009,31290,GRAND VALLEY,457542,WELL,PR,GW,2024/12/01,ACTUAL LatLong,457543,FEDERAL SG 11-22,955,N,463,W,NWNW,"22",7S,96W,"6",39.427698,-108.104054,232815,4368839,500,ложь
1780,"04510898","045","10898","05-045-10898",10844,QB ENERGY OPERATING LLC,30-11 (PN30),FEDERAL,30-11 (PN30) FEDERAL,ACTUAL,2005/09/27,6374,7640,7513,67350,PARACHUTE,278637,WELL,PR,GW,2021/12/01,ACTUAL LatLong,334060,FEDERAL-67S95W 30SESW,1214,S,2385,W,SESW,"30",7S,95W,"6",39.40469,-108.04017,238228,4366098,500,ложь
1786,"04522313","045","22313","05-045-22313",96850,TEP ROCKY MOUNTAIN LLC,23CWI-24-07-96,BAT,23CWI-24-07-96 BAT,ACTUAL,2014/02/20,5198,6450,6448,99999,WILDCAT,435816,WELL,IJ,DSP,2025/08/01,Actual LatLong,422301,Speakman A Pad,1826,S,2064,W,NESW,"24",7S,96W,"6",39.420635,-108.059997,236581,4367926,500,ложь
1790,"04523710","045","23710","05-045-23710",96850,TEP ROCKY MOUNTAIN LLC,PA 432-26,FEDERAL,PA 432-26 FEDERAL,ACTUAL,2018/04/30,5637,8660,8354,67350,PARACHUTE,452363,WELL,PR,GW,2018/07/24,ACTUAL LatLong,335330,FEDERAL PA 23-26,2129,S,2468,W,NESW,"26",6S,95W,"6",39.494362,-107.966697,244884,4375842,500,ложь
1791,"04514307","045","14307","05-045-14307",10844,QB ENERGY OPERATING LLC,7-31A,FEDERAL,7-31A FEDERAL,ACTUAL,2007/07/09,6293,7175,6673,67350,PARACHUTE,291147,WELL,PR,GW,2022/12/01,ACTUAL LatLong,334157,FEDERAL-68S95W 7SWNE,2021,N,1630,E,SWNE,"7",8S,95W,"6",39.379516,-108.033164,238738,4363283,500,ложь
1792,"04509493","045","09493","05-045-09493",10844,QB ENERGY OPERATING LLC,26-15C(P26NWB),BENZEL,26-15C(P26NWB) BENZEL,ACTUAL,2004/01/06,5791,7850,7809,52500,MAMM CREEK,270237,WELL,SI,GW,2025/05/01,ACTUAL LatLong,335365,BENZEL-66S93W 26SESE,140,S,1400,E,SWSE,"26",6S,93W,"6",39.49074,-107.73841,264506,4374817,500,ложь
1793,"04517575","045","17575","05-045-17575",10844,QB ENERGY OPERATING LLC,34-12B(G33NW),GMR,34-12B(G33NW) GMR,ACTUAL,2009/03/19,6550,9268,8975,52500,MAMM CREEK,299149,WELL,PR,GW,2023/01/01,ACTUAL LatLong,335399,GMR-66S93W 33SWNE,1773,N,1559,E,SWNE,"33",6S,93W,"6",39.485095,-107.776325,261225,4374291,500,ложь
1794,"04521778","045","21778","05-045-21778",96850,TEP ROCKY MOUNTAIN LLC,NER 434-32,Federal,NER 434-32 Federal,ACTUAL,2014/04/11,7602,10117,10034,75400,RULISON,430849,WELL,PR,GW,2024/07/01,ACTUAL LatLong,383328,Federal RU 23-5,168,N,2598,W,LOT 2,"5",7S,93W,"6",39.474897,-107.798823,259255,4373218,500,ложь
1804,"04519812","045","19812","05-045-19812",10844,QB ENERGY OPERATING LLC,11A-36D,Puckett,11A-36D Puckett,ACTUAL,2011/05/23,8369,9017,8944,31290,GRAND VALLEY,418712,WELL,SI,GW,2025/08/01,ACTUAL LatLong,418691,P6-11-36,622,N,954,W,Lot 4,"36",6S,97W,"6",39.48506,-108.17467,226960,4375419,500,ложь
1809,"04523730","045","23730","05-045-23730",96850,TEP ROCKY MOUNTAIN LLC,RU 412-17,FEDERAL,RU 412-17 FEDERAL,ACTUAL,2018/03/06,8366,10842,10408,75400,RULISON,452555,WELL,PR,GW,2018/05/01,ACTUAL LatLong,452566,FEDERAL RU 23-17,1882,S,2432,W,NESW,"17",7S,93W,"6",39.443548,-107.797524,259259,4369735,500,ложь
1810,"04522487","045","22487","05-045-22487",96850,TEP ROCKY MOUNTAIN LLC,714-44-23-HN1,Puckett SG,714-44-23-HN1 Puckett SG,ACTUAL,2015/04/18,5091,19070,9047,68810,PICEANCE HORIZONTAL NIOBRARA,438389,WELL,PR,GW,2016/01/11,ACTUAL LatLong,334568,Nolte 14-44,225,S,773,E,SESE,"14",7S,96W,"6",39.430895,-108.07069,235699,4369096,500,ложь
1812,"04515560","045","15560","05-045-15560",96850,TEP ROCKY MOUNTAIN LLC,19-09D,LARAMIE,19-09D LARAMIE,ACTUAL,2009/12/22,5656,8765,8656,75400,RULISON,294661,WELL,PR,GW,2024/08/01,ACTUAL LatLong,335520,Laramie 20-12 Pad,2287,S,157,W,NWSW,"20",6S,93W,"6",39.51046,-107.80789,258598,4377190,500,ложь
1813,"04523477","045","23477","05-045-23477",96850,TEP ROCKY MOUNTAIN LLC,32B-13-07-96,BMC B,32B-13-07-96 BMC B,ACTUAL,2017/07/27,5098,6923,5984,31290,GRAND VALLEY,449469,WELL,PR,GW,2017/12/10,ACTUAL LatLong,447695,BMC B PAD,2238,N,627,W,Lot 3,"18",7S,95W,"6",39.438863,-108.046679,237796,4369910,500,ложь
1814,"04507584","045","07584","05-045-07584",10456,CAERUS PICEANCE LLC,26-14 (C35),GMU,26-14 (C35) GMU,ACTUAL,2001/01/15,5839,7325,,52500,MAMM CREEK,257649,WELL,PA,GW,2022/08/02,ACTUAL LatLong,335359,KELL-66S93W 35NENW,816,N,1941,W,NENW,"35",6S,93W,"6",39.48811,-107.74518,263914,4374543,500,ложь
1816,"04507706","045","07706","05-045-07706",10844,QB ENERGY OPERATING LLC,36-12 (H35),DEVER,36-12 (H35) DEVER,ACTUAL,2001/06/14,5976,7773,7773,52500,MAMM CREEK,259289,WELL,PR,GW,2022/11/01,ACTUAL LatLong,334889,BENZEL-66S93W 35SENE,2066,N,508,E,SENE,"35",6S,93W,"6",39.48478,-107.73514,264767,4374147,500,ложь
1819,"04505207","045","05207","05-045-05207",10844,QB ENERGY OPERATING LLC,29-95A,FEDERAL,29-95A FEDERAL,ACTUAL,1965/11/14,6784,7016,7016,67350,PARACHUTE,210242,WELL,PR,GW,2024/01/01,ACTUAL LatLong,322309,FEDERAL-67S95W 29NESE,1520,S,990,E,NESE,"29",7S,95W,"6",39.40546,-108.01483,240414,4366110,500,ложь
1821,"04521916","045","21916","05-045-21916",10844,QB ENERGY OPERATING LLC,8514E-34 E34496,SG,8514E-34 E34496 SG,ACTUAL,2013/10/27,8324,12130,11369,31290,GRAND VALLEY,431961,WELL,PR,GW,2019/08/01,ACTUAL LatLong,335928,SG E34 496,2367,N,975,W,SWNW,"34",4S,96W,"6",39.659569,-108.16067,228845,4394750,500,ложь
1822,"04518139","045","18139","05-045-18139",10433,LARAMIE ENERGY LLC,697-09-39,CASCADE CREEK,697-09-39 CASCADE CREEK,ACTUAL,2011/07/03,8382,9198,9033,31290,GRAND VALLEY,301374,WELL,PR,GW,2020/10/01,ACTUAL LatLong,335801,Cascade Creek 609-33,1766,S,1879,E,NWSE,"9",6S,97W,"6",39.53506,-108.22212,223077,4381115,500,ложь
1823,"04513390","045","13390","05-045-13390",10844,QB ENERGY OPERATING LLC,15-5 (D15),ROSE,15-5 (D15) ROSE,ACTUAL,2005/02/04,7011,9120,9027,52500,MAMM CREEK,274786,WELL,PR,GW,2024/06/01,ACTUAL LatLong,334583,PARKER RANCH-67S93W 15NWNW,1019,N,1094,W,NWNW,"15",7S,93W,"6",39.45013,-107.76601,261993,4370382,500,ложь
1824,"04524570","045","24570","05-045-24570",96850,TEP ROCKY MOUNTAIN LLC,WMC 512-18-793,Leverich,WMC 512-18-793 Leverich,ACTUAL,2023/09/14,8007,10740,10050,75400,RULISON,483812,WELL,PR,GW,2023/12/18,ACTUAL LatLong,335045,South Leverich 13-09 Pad,1418,S,829,E,LOT 3,"13",7S,94W,"6",39.435627,-107.829053,256517,4368940,500,ложь
1825,"04518132","045","18132","05-045-18132",10433,LARAMIE ENERGY LLC,697-09-48B,CASCADE CREEK,697-09-48B CASCADE CREEK,ACTUAL,2011/07/14,8382,9250,9062,31290,GRAND VALLEY,301367,WELL,PR,GW,2020/06/01,ACTUAL LatLong,335801,Cascade Creek 609-33,1757,S,1884,E,NWSE,"9",6S,97W,"6",39.53504,-108.22213,223076,4381113,500,ложь
1827,"04520448","045","20448","05-045-20448",10844,QB ENERGY OPERATING LLC,8601D-33 P28496,DW,8601D-33 P28496 DW,ACTUAL,2011/09/02,7791,11040,10846,31290,GRAND VALLEY,421901,WELL,SI,GW,2025/08/01,ACTUAL LatLong,421886,DW P28 496,592,S,445,E,SESE,"28",4S,96W,"6",39.667694,-108.165717,228444,4395667,500,ложь
1829,"04513124","045","13124","05-045-13124",10844,QB ENERGY OPERATING LLC,16-11(PJ16),SHORE,16-11(PJ16) SHORE,ACTUAL,2007/05/07,6065,7250,7092,67350,PARACHUTE,287996,WELL,PR,GW,2021/11/01,ACTUAL LatLong,334656,SHORE-67S95W 16NWSE,1534,S,2346,E,NWSE,"16",7S,95W,"6",39.43477,-108.00136,241682,4369325,500,ложь
1834,"04520393","045","20393","05-045-20393",10844,QB ENERGY OPERATING LLC,12-6D1 (F12E),TWIN CREEK,12-6D1 (F12E) TWIN CREEK,ACTUAL,2012/01/15,6144,5468,5411,52500,MAMM CREEK,421398,WELL,PR,GW,2025/08/01,ACTUAL LatLong,421390,Twin Creek 12-6C1 (F12E),2515,N,1626,W,SENW,"12",7S,92W,"6",39.462084,-107.618742,274706,4371330,500,ложь
1837,"04517253","045","17253","05-045-17253",10844,QB ENERGY OPERATING LLC,17-22A,JONES,17-22A JONES,ACTUAL,2010/01/13,7389,9263,9242,75400,RULISON,298558,WELL,PR,GW,2020/04/01,ACTUAL LatLong,335023,JONES-67S94W 17SENW,1802,N,2149,W,SENW,"17",7S,94W,"6",39.440148,-107.911885,249403,4369669,500,ложь
1838,"04517077","045","17077","05-045-17077",96850,TEP ROCKY MOUNTAIN LLC,531-18-695,AP,531-18-695 AP,ACTUAL,2009/01/20,8401,11232,11104,67350,PARACHUTE,298111,WELL,PR,GW,2024/10/01,ACTUAL LatLong,335996,AP-66S95W 18NENW,940,N,1805,W,NENW,"18",6S,95W,"6",39.529544,-108.042186,238523,4379964,500,ложь
1839,"04513362","045","13362","05-045-13362",96850,TEP ROCKY MOUNTAIN LLC,GM 333-32,WILLIAMS PRODUCT RMT,GM 333-32 WILLIAMS PRODUCT RMT,ACTUAL,2005/04/02,6123,7006,6982,31290,GRAND VALLEY,274575,WELL,PR,GW,2024/04/01,ACTUAL LatLong,335240,UNOCAL-66S96W 32NESE,1977,S,1263,E,NESE,"32",6S,96W,"6",39.478665,-108.127067,231030,4374566,500,ложь
1843,"04513071","045","13071","05-045-13071",96850,TEP ROCKY MOUNTAIN LLC,GM 432-36,FEDERAL,GM 432-36 FEDERAL,ACTUAL,2007/07/27,6038,7646,7586,31290,GRAND VALLEY,287813,WELL,PR,GW,2022/11/01,ACTUAL LatLong,335177,DOE-66S96W 36SWNE,1615,N,1399,E,SWNE,"36",6S,96W,"6",39.482357,-108.053653,237360,4374759,500,ложь
1844,"04509927","045","09927","05-045-09927",96850,TEP ROCKY MOUNTAIN LLC,PA 42-20,FEDERAL,PA 42-20 FEDERAL,ACTUAL,2004/09/02,6428,8900,8820,67350,PARACHUTE,271671,WELL,PR,GW,2022/06/01,ACTUAL LatLong,335286,DOE-66S95W 20NENE,1287,N,833,E,NENE,"20",6S,95W,"6",39.514072,-108.016019,240715,4378171,500,ложь
1846,"04509370","045","09370","05-045-09370",10844,QB ENERGY OPERATING LLC,43C-25,PUCKETT,43C-25 PUCKETT,ACTUAL,2004/08/15,8241,9071,,31290,GRAND VALLEY,269451,WELL,PR,GW,2023/04/01,ACTUAL LatLong,335099,Mesa I25-697,1813,S,658,E,NESE,"25",6S,97W,"6",39.491724,-108.161731,228099,4376120,500,ложь
1848,"04515781","045","15781","05-045-15781",96850,TEP ROCKY MOUNTAIN LLC,29-02B,FEDERAL,29-02B FEDERAL,ACTUAL,2008/09/11,5735,9720,9698,75400,RULISON,295510,WELL,PR,GW,2024/08/01,ACTUAL LatLong,335483,Federal 29-02 Pad,970,N,1966,E,NWNE,"29",6S,93W,"6",39.50167,-107.79673,259527,4376185,500,ложь
1851,"04518530","045","18530","05-045-18530",96850,TEP ROCKY MOUNTAIN LLC,34-14A,REPPO,34-14A REPPO,ACTUAL,2009/10/04,5155,10300,10120,31290,GRAND VALLEY,412664,WELL,PR,GW,2024/08/01,ACTUAL LatLong,334431,Reppo B Pad,570,S,2595,E,SWSE,"34",7S,96W,"6",39.38784,-108.0955,233399,4364390,500,ложь
1854,"04524034","045","24034","05-045-24034",96850,TEP ROCKY MOUNTAIN LLC,RWF 514-8,FEDERAL,RWF 514-8 FEDERAL,ACTUAL,2019/07/15,6175,9231,8983,75400,RULISON,457062,WELL,PR,GW,2020/03/16,ACTUAL LatLong,335744,DOE 1-M-18,480,N,22,W,LOT 4,"17",6S,94W,"6",39.53111,-107.921222,248927,4379793,500,ложь
1855,"04515800","045","15800","05-045-15800",10844,QB ENERGY OPERATING LLC,17-8 (PL16),GARDNER,17-8 (PL16) GARDNER,ACTUAL,2008/06/04,5813,7204,7000,67350,PARACHUTE,295618,WELL,PR,GW,2022/08/01,ACTUAL LatLong,335025,GARDNER-67S95W 16NWSW,2367,S,217,W,NWSW,"16",7S,95W,"6",39.4369,-108.0109,240869,4369589,500,ложь
1856,"04523753","045","23753","05-045-23753",10844,QB ENERGY OPERATING LLC,24A-10-596,NPR,24A-10-596 NPR,ACTUAL,2018/05/29,6709,9800,9560,31290,GRAND VALLEY,452650,WELL,PR,GW,2024/07/01,ACTUAL LatLong,335676,NPR K10-596,1881,S,2516,W,NESW,"10",5S,96W,"6",39.627493,-108.15585,229134,4391174,500,ложь
1860,"04511087","045","11087","05-045-11087",10844,QB ENERGY OPERATING LLC,36-423D,CHEVRON,36-423D CHEVRON,ACTUAL,2007/04/09,6070,8935,8567,31290,GRAND VALLEY,279866,WELL,PR,GW,2024/04/01,ACTUAL LatLong,335583,CHEVRON O36A 596,483,S,2421,E,SWSE,"36",5S,96W,"6",39.565725,-108.117199,232214,4384201,500,ложь
1861,"04521707","045","21707","05-045-21707",10844,QB ENERGY OPERATING LLC,8504D-24 L24496,SG,8504D-24 L24496 SG,ACTUAL,2013/06/25,8180,3361,3201,31290,GRAND VALLEY,430181,WELL,PA,GW,2022/10/06,ACTUAL LatLong,426478,SG L24 496,1723,S,978,W,NWSW,"24",4S,96W,"6",39.685282,-108.123014,232176,4397491,500,ложь
1862,"04520079","045","20079","05-045-20079",10433,LARAMIE ENERGY LLC,697-08-52A,Cascade Creek,697-08-52A Cascade Creek,ACTUAL,2011/09/14,8379,8868,8747,31290,GRAND VALLEY,419978,WELL,PR,GW,2023/04/01,ACTUAL LatLong,335815,Cascade Creek 697-08-53,1341,S,2170,E,NWSE,"8",6S,97W,"6",39.53387,-108.24184,221377,4381044,500,ложь
1863,"04524272","045","24272","05-045-24272",96850,TEP ROCKY MOUNTAIN LLC,RWF 332-11,FEDERAL,RWF 332-11 FEDERAL,ACTUAL,2020/01/06,5467,9151,8686,75400,RULISON,468705,WELL,PR,GW,2020/04/07,ACTUAL LatLong,324362,FEDERAL RWF 12-12,2008,N,1265,W,LOT 5,"12",6S,94W,"6",39.542045,-107.841606,255810,4380788,500,ложь
1864,"04524393","045","24393","05-045-24393",96850,TEP ROCKY MOUNTAIN LLC,RWF 344-9,FEDERAL,RWF 344-9 FEDERAL,ACTUAL,2022/01/28,6369,9602,9333,75400,RULISON,478936,WELL,PR,GW,2022/05/18,ACTUAL LatLong,478568,FEDERAL RWF 43-9,2533,S,514,E,NESE,"9",6S,94W,"6",39.539392,-107.885271,252047,4380613,500,ложь
1867,"04523654","045","23654","05-045-23654",96850,TEP ROCKY MOUNTAIN LLC,PA 11-25,TRI STATE TRUCKING,PA 11-25 TRI STATE TRUCKING,ACTUAL,2018/03/03,5224,8488,7956,67350,PARACHUTE,451907,WELL,PR,GW,2018/05/08,ACTUAL LatLong,335123,Tri State Trucking PA 22-25,2275,N,1955,W,SENW,"25",6S,95W,"6",39.496911,-107.949489,246373,4376076,500,ложь
1881,"04514511","045","14511","05-045-14511",10844,QB ENERGY OPERATING LLC,"25",696-18C,25 696-18C,ACTUAL,2007/11/20,8203,9525,9363,31290,GRAND VALLEY,291717,WELL,PR,GW,2025/07/01,ACTUAL LatLong,335709,696-18C-66S96W 18NWSW,1477,S,830,W,NWSW,"18",6S,96W,"6",39.51971,-108.15649,228658,4379211,500,ложь
1884,"04509021","045","09021","05-045-09021",10844,QB ENERGY OPERATING LLC,24-7D,CHEVRON,24-7D CHEVRON,ACTUAL,2003/08/22,6354,7950,7627,31290,GRAND VALLEY,265456,WELL,PR,GW,2019/03/01,ACTUAL LatLong,335798,CHEVRON-66S96W 7NWSW,2251,S,1154,W,NWSW,"7",6S,96W,"6",39.53631,-108.15542,228815,4381050,500,ложь
1888,"04516106","045","16106","05-045-16106",10844,QB ENERGY OPERATING LLC,11B-24D,PUCKETT,11B-24D PUCKETT,ACTUAL,2010/09/20,8383,9245,9208,31290,GRAND VALLEY,296701,WELL,PR,GW,2023/04/01,ACTUAL LatLong,335518,PUCKETT-66S97W 24NWNW,861,N,1158,W,NWNW,"24",6S,97W,"6",39.51333,-108.174,227128,4378556,500,ложь
1895,"04516074","045","16074","05-045-16074",10844,QB ENERGY OPERATING LLC,26-22D,BATTLEMENT MESA,26-22D BATTLEMENT MESA,ACTUAL,2009/02/08,8990,10210,10057,67350,PARACHUTE,296553,WELL,PR,GW,2025/05/01,ACTUAL LatLong,334415,Battlement Mesa 26K-795,1773,S,1116,W,NWSW,"26",7S,95W,"6",39.405744,-107.970101,244267,4366014,500,ложь
1896,"04518392","045","18392","05-045-18392",10844,QB ENERGY OPERATING LLC,"15",696-5C,15 696-5C,ACTUAL,2010/02/17,8138,10369,10095,31290,GRAND VALLEY,411841,WELL,PA,GW,2023/01/24,ACTUAL LatLong,439135,696-6A 43,3483,N,1319,W,LOT 12,"5",6S,96W,"6",39.55485,-108.13559,230591,4383049,500,ложь
1901,"04517244","045","17244","05-045-17244",10844,QB ENERGY OPERATING LLC,17-11A,RULISON FEDERAL,17-11A RULISON FEDERAL,ACTUAL,2009/03/11,7388,9731,9327,75400,RULISON,298549,WELL,PR,GW,2020/04/01,ACTUAL LatLong,335023,JONES-67S94W 17SENW,1806,N,2141,W,SENW,"17",7S,94W,"6",39.440138,-107.911916,249401,4369668,500,ложь
1902,"04523909","045","23909","05-045-23909",96850,TEP ROCKY MOUNTAIN LLC,NR 334-3,CLOUGH,NR 334-3 CLOUGH,ACTUAL,2018/11/25,6719,9995,9818,75400,RULISON,454642,WELL,PR,GW,2019/03/07,ACTUAL LatLong,422211,Clough NR 23-3,1800,S,1802,W,NESW,"3",6S,94W,"6",39.552474,-107.877145,252792,4382042,500,ложь
1903,"04513642","045","13642","05-045-13642",10844,QB ENERGY OPERATING LLC,32-12D,LATHAM,32-12D LATHAM,ACTUAL,2008/06/17,8208,9708,9699,31290,GRAND VALLEY,289027,WELL,PR,GW,2025/07/01,ACTUAL LatLong,335840,LATHAM O32 696,1250,S,1613,E,SWSE,"32",5S,96W,"6",39.567815,-108.189195,226036,4384650,500,ложь
1904,"04518323","045","18323","05-045-18323",10844,QB ENERGY OPERATING LLC,22-14A (K22NW),GMU FEE,22-14A (K22NW) GMU FEE,ACTUAL,2010/02/12,6218,9940,9927,52500,MAMM CREEK,301915,WELL,PR,GW,2025/04/01,ACTUAL LatLong,383334,GMU-66S93W 22NESW,1451,S,2256,W,NESW,"22",6S,93W,"6",39.508541,-107.76315,262438,4376858,500,ложь
1913,"04519563","045","19563","05-045-19563",96850,TEP ROCKY MOUNTAIN LLC,KP 21-26,CDOW,KP 21-26 CDOW,ACTUAL,2010/07/28,6321,7638,7519,47525,KOKOPELLI,417579,WELL,PR,GW,2020/02/01,ACTUAL LatLong,324439,KP 24-23,779,S,1836,W,SESW,"23",6S,91W,"6",39.508989,-107.524421,282967,4376305,500,ложь
1921,"04511547","045","11547","05-045-11547",10433,LARAMIE ENERGY LLC,697-20-26D,CASCADE CREEK,697-20-26D CASCADE CREEK,ACTUAL,2006/02/21,6562,7225,6939,31290,GRAND VALLEY,281809,WELL,PR,GW,2018/10/23,ACTUAL LatLong,335150,CC 0697-20-28 Pad,2213,N,2184,W,SENW,"20",6S,97W,"6",39.50967,-108.24513,220997,4378367,500,ложь
1922,"04523749","045","23749","05-045-23749",96850,TEP ROCKY MOUNTAIN LLC,RU 24-17,FEDERAL,RU 24-17 FEDERAL,ACTUAL,2018/05/30,8366,10357,10317,75400,RULISON,452575,WELL,PR,GW,2018/07/26,ACTUAL LatLong,452566,FEDERAL RU 23-17,1848,S,2472,W,NESW,"17",7S,93W,"6",39.443455,-107.79738,259271,4369724,500,ложь
1925,"04513419","045","13419","05-045-13419",10844,QB ENERGY OPERATING LLC,25-13 (P25,FEDERAL,25-13 (P25 FEDERAL,ACTUAL,2005/05/21,5943,7400,6926,67350,PARACHUTE,274833,WELL,SI,GW,2024/01/01,ACTUAL LatLong,334096,S.PARACHUTE FEDERAL-67S96W 25NESW,1629,S,1972,W,NESW,"25",7S,96W,"6",39.40586,-108.06051,236481,4366287,500,ложь
1926,"04524281","045","24281","05-045-24281",96850,TEP ROCKY MOUNTAIN LLC,RWF 443-11,FEDERAL,RWF 443-11 FEDERAL,ACTUAL,2019/12/26,5467,9216,8635,75400,RULISON,468714,WELL,PR,GW,2020/03/09,ACTUAL LatLong,324362,FEDERAL RWF 12-12,2019,N,1271,W,LOT 5,"12",6S,94W,"6",39.542015,-107.841586,255811,4380784,500,ложь
1928,"04523452","045","23452","05-045-23452",96850,TEP ROCKY MOUNTAIN LLC,SR 323-12,WARE,SR 323-12 WARE,ACTUAL,2017/10/21,7479,9512,9469,75400,RULISON,449404,WELL,PR,GW,2018/02/01,ACTUAL LatLong,449385,WARE SR 23-12,1818,S,2284,W,NESW,"12",7S,94W,"6",39.451196,-107.836718,255912,4370689,500,ложь
1933,"04510023","045","10023","05-045-10023",10844,QB ENERGY OPERATING LLC,30-3 (B30NE),BRYNILDSON,30-3 (B30NE) BRYNILDSON,ACTUAL,2004/08/27,5750,7536,7405,52500,MAMM CREEK,272098,WELL,PR,GW,2018/07/01,ACTUAL LatLong,335454,EM-66S92W 30NWNE,980,N,2350,E,NWNE,"30",6S,92W,"6",39.50223,-107.70796,267163,4376013,500,ложь
1934,"04513885","045","13885","05-045-13885",96850,TEP ROCKY MOUNTAIN LLC,A6,ROBINSON,A6 ROBINSON,ACTUAL,2007/04/08,5378,8763,8607,52500,MAMM CREEK,289851,WELL,PR,GW,2025/06/01,ACTUAL LatLong,336015,ROBINSON-66S92W 8SWSW,710,S,205,W,SWSW,"8",6S,92W,"6",39.535789,-107.699357,268015,4379716,500,ложь
1936,"04518967","045","18967","05-045-18967",96850,TEP ROCKY MOUNTAIN LLC,22B-33-691,FEDERAL,22B-33-691 FEDERAL,ACTUAL,2010/01/25,6374,8030,7599,52500,MAMM CREEK,415098,WELL,PR,GW,2018/07/01,ACTUAL LatLong,415116,FED (MDP PAD 4) 22C-33-691,2074,N,112,W,SWNW,"33",6S,91W,"6",39.486069,-107.567844,279161,4373866,500,ложь
1938,"04524553","045","24553","05-045-24553",96850,TEP ROCKY MOUNTAIN LLC,WMC 543-24-794,TEP,WMC 543-24-794 TEP,ACTUAL,2023/01/08,8563,10996,10556,75400,RULISON,482650,WELL,PR,OW,2023/06/29,ACTUAL LatLong,335038,Honea 19-05,2168,N,914,W,LOT 2,"19",7S,93W,"6",39.426361,-107.822738,257029,4367895,500,ложь
1940,"04524139","045","24139","05-045-24139",96850,TEP ROCKY MOUNTAIN LLC,SG 541-21,FEDERAL,SG 541-21 FEDERAL,ACTUAL,2019/03/26,6091,6936,6049,31290,GRAND VALLEY,457540,WELL,PR,GW,2024/12/01,ACTUAL LatLong,457543,FEDERAL SG 11-22,955,N,445,W,NWNW,"22",7S,96W,"6",39.427698,-108.104117,232809,4368840,500,ложь
1941,"04512269","045","12269","05-045-12269",96850,TEP ROCKY MOUNTAIN LLC,TR 32-21-597,Chevron,TR 32-21-597 Chevron,ACTUAL,2017/03/18,8577,9509,8884,83825,TRAIL RIDGE,284789,WELL,PR,GW,2017/10/10,ACTUAL LatLong,335603,Chevron TR 32-21-597,1371,N,2412,E,SWNE,"21",5S,97W,"6",39.60261,-108.282304,218177,4388801,500,ложь
1943,"04519924","045","19924","05-045-19924",96850,TEP ROCKY MOUNTAIN LLC,A3,Diemoz,A3 Diemoz,ACTUAL,2010/10/25,5652,7956,7838,52500,MAMM CREEK,419377,WELL,PA,GW,2019/05/17,ACTUAL LatLong,419380,Diemoz A Pad,2012,S,1088,W,NWSW,"36",5S,92W,"6",39.569539,-107.672092,270469,4383393,500,ложь
1948,"04513626","045","13626","05-045-13626",10844,QB ENERGY OPERATING LLC,21-7BB (PF21),ENCANA FEDERAL,21-7BB (PF21) ENCANA FEDERAL,ACTUAL,2007/03/12,6043,7035,6900,67350,PARACHUTE,288992,WELL,PR,GW,2023/05/01,ACTUAL LatLong,334750,ENCANA-67S95W 21SENW,1768,N,2306,W,SENW,"21",7S,95W,"6",39.42572,-108.00331,241481,4368326,500,ложь
1951,"04523705","045","23705","05-045-23705",96850,TEP ROCKY MOUNTAIN LLC,PA 334-26,FEDERAL,PA 334-26 FEDERAL,ACTUAL,2018/08/15,5637,8484,8249,67350,PARACHUTE,452358,WELL,PR,GW,2018/10/16,ACTUAL LatLong,335330,FEDERAL PA 23-26,2117,S,2416,W,NESW,"26",6S,95W,"6",39.494329,-107.966882,244868,4375838,500,ложь
